,,Temp,Hi,Low,Out,Dew,Wind,Wind,Wind,Hi,Hi,Wind,Heat,THW,,,Rain,Heat,Cool,In ,In,In ,In ,In ,In Air,Wind,Wind,ISS ,Arc.
Day,Time,Out,Temp,Temp,Hum,Pt.,Speed,Dir,Run,Speed,Dir,Chill,Index,Index,Bar  ,Rain,Rate,D-D ,D-D ,Temp,Hum,Dew,Heat,EMC,Density,Samp,Tx ,Recept,Int.
150,12:00 PM,28.1,28.2,27.9,45,15,0.4,WNW,0.13,1.3,W,28.1,28.2,28.2,1012,0,0,0,0.034,45.2,19,16.2,47.1,3.78,1.0878,117,1,100,5
150,12:05 PM,28.3,28.6,28.2,46,15.6,0.4,WNW,0.13,1.3,W,28.3,28.7,28.7,1012,0,0,0,0.035,45.8,19,16.7,48.1,3.76,1.085,115,1,100,5
150,12:10 PM,28.6,28.7,28.6,46,15.9,0.4,NW,0.13,1.3,WNW,28.6,29.1,29.1,1012,0,0,0,0.036,46.6,18,16.5,48.7,3.63,1.0829,116,1,100,5
150,12:15 PM,28.9,29.1,28.7,44,15.4,0,NW,0,1.3,NW,28.9,29.4,29.4,1011.9,0,0,0,0.037,46.9,18,16.7,49.3,3.62,1.0814,117,1,100,5
150,12:20 PM,29.1,29.1,28.9,43,15.2,0.9,NW,0.27,1.8,NW,29.1,29.4,29.4,1011.9,0,0,0,0.037,47,18,16.8,49.4,3.62,1.0809,117,1,100,5
150,12:25 PM,28.8,28.9,28.8,43,15,0.4,NW,0.13,1.8,NW,28.8,29.2,29.2,1011.9,0,0,0,0.036,46.2,18,16.2,48.2,3.65,1.0843,117,1,100,5
150,12:30 PM,28.8,28.8,28.7,44,15.3,0.4,NW,0.13,1.3,NW,28.8,29.2,29.2,1011.9,0,0,0,0.036,46.2,18,16.2,48.2,3.65,1.0842,116,1,100,5
150,12:35 PM,29.1,29.3,28.8,42,14.8,0.9,SSE,0.27,1.8,S,29.1,29.4,29.4,1011.8,0,0,0,0.037,46.5,18,16.4,48.6,3.64,1.0829,118,1,100,5
150,12:40 PM,29.3,29.4,29.3,41,14.7,0.9,SE,0.27,1.8,SE,29.3,29.5,29.5,1011.8,0,0,0,0.038,47.1,18,16.9,49.6,3.62,1.0804,117,1,100,5
150,12:45 PM,29.2,29.3,29.2,41,14.6,0.4,SE,0.13,1.3,SE,29.2,29.4,29.4,1011.7,0,0,0,0.038,47.8,16,15.6,49.4,3.25,1.0793,117,1,100,5
150,12:50 PM,29.3,29.6,29.2,41,14.7,0.4,E,0.13,1.3,ESE,29.3,29.5,29.5,1011.7,0,0,0,0.038,47.8,17,16.5,50,3.39,1.0784,117,1,100,5
150,12:55 PM,29.6,29.8,29.6,41,15,0.4,ESE,0.13,2.2,SSE,29.6,29.8,29.8,1011.6,0,0,0,0.039,47.3,17,16.1,49.2,3.41,1.0804,117,1,100,5
150,1:00 PM,30.2,30.6,29.8,39,14.7,0.4,SSE,0.13,0.9,SSE,30.2,30.2,30.2,1011.6,0,0,0,0.041,47.1,17,16,48.9,3.41,1.0811,117,1,100,5
150,1:05 PM,30.7,30.8,30.6,38,14.8,0.4,SE,0.13,2.2,SE,30.7,30.6,30.6,1011.6,0,0,0,0.043,47.4,17,16.3,49.5,3.4,1.0797,117,1,100,5
150,1:10 PM,30.9,31,30.8,37,14.5,0.9,SE,0.27,2.2,SSE,30.9,30.6,30.6,1011.6,0,0,0,0.044,47.8,17,16.5,50,3.39,1.0782,117,1,100,5
150,1:15 PM,30.7,30.9,30.4,37,14.3,1.3,SSE,0.4,2.2,SSE,30.7,30.4,30.4,1011.4,0,0,0,0.043,47.8,16,15.6,49.3,3.25,1.0793,116,1,100,5
150,1:20 PM,30.4,30.4,30.3,38,14.5,0.9,SSE,0.27,2.2,SSE,30.4,30.3,30.3,1011.3,0,0,0,0.042,47.7,16,15.5,49.1,3.25,1.0797,117,1,100,5
150,1:25 PM,30.6,30.9,30.4,38,14.7,0.4,SSE,0.13,1.8,SSE,30.6,30.6,30.6,1011.3,0,0,0,0.043,45.9,18,15.9,47.6,3.66,1.0852,117,1,100,5
150,1:30 PM,31.3,31.7,30.9,37,14.9,0,W,0,0.9,W,31.3,31.1,31.1,1011.3,0,0,0,0.045,42.7,21,15.8,44.2,4.27,1.0962,117,1,100,5
150,1:35 PM,31.9,31.9,31.7,36,15,0.4,NW,0.13,0.9,W,31.9,31.8,31.8,1011.2,0,0,0,0.047,39.6,24,15.3,40.6,4.75,1.1076,118,1,100,5
150,1:40 PM,32,32.2,31.8,36,15.1,0.4,SSE,0.13,2.2,SSW,32,32,32,1011.2,0,0,0,0.047,37.7,26,14.9,38.3,5.25,1.1147,117,1,100,5
150,1:45 PM,32.3,32.3,32.2,36,15.3,0.4,SSE,0.13,2.7,SSE,32.3,32.4,32.4,1011.1,0,0,0,0.048,36.8,28,15.3,37.3,5.41,1.1176,117,1,100,5
150,1:50 PM,32.4,32.5,32.3,36,15.5,0.4,SSE,0.13,1.8,SSE,32.4,32.6,32.6,1011.1,0,0,0,0.049,36.3,28,14.9,36.6,5.4,1.1197,117,1,100,5
150,1:55 PM,32.4,32.5,32.3,35,15,0.9,SSE,0.27,2.7,SE,32.4,32.4,32.4,1011.1,0,0,0,0.049,35.9,30,15.6,36.3,5.75,1.1204,117,1,100,5
150,2:00 PM,32.1,32.3,31.7,36,15.1,1.3,SSE,0.4,2.7,S,32.1,32.1,32.1,1011,0,0,0,0.048,35.4,29,14.7,35.6,5.57,1.1231,116,1,100,5
150,2:05 PM,31.6,31.7,31.6,38,15.6,0.9,SSE,0.27,2.2,SE,31.6,31.7,31.7,1010.9,0,0,0,0.046,35.1,31,15.4,35.4,5.95,1.1235,116,1,100,5
150,2:10 PM,31.6,31.6,31.5,38,15.5,1.3,S,0.4,2.7,SSE,31.6,31.7,31.7,1010.9,0,0,0,0.046,34.6,32,15.5,34.9,6.17,1.1252,117,1,100,5
150,2:15 PM,31.5,31.6,31.4,38,15.5,0.9,S,0.27,2.2,S,31.5,31.6,31.6,1010.9,0,0,0,0.046,34.1,33,15.6,34.4,6.38,1.1267,117,1,100,5
150,2:20 PM,31.7,31.8,31.6,37,15.2,1.3,S,0.4,2.7,SSE,31.7,31.7,31.7,1010.8,0,0,0,0.046,33.7,33,15.2,33.9,6.4,1.1285,116,1,100,5
150,2:25 PM,31.8,31.9,31.8,37,15.3,0.9,S,0.27,1.8,ESE,31.8,31.8,31.8,1010.8,0,0,0,0.047,33.4,34,15.4,33.6,6.51,1.1294,117,1,100,5
150,2:30 PM,32,32,31.9,36,15.1,0.9,SSE,0.27,2.7,SE,32,32,32,1010.7,0,0,0,0.047,33,34,15,33.1,6.52,1.1312,117,1,100,5
150,2:35 PM,31.9,32.1,31.9,37,15.4,0.9,S,0.27,1.8,SSE,31.9,32.1,32.1,1010.7,0,0,0,0.047,32.6,35,15.2,32.7,6.72,1.1325,115,1,100,5
150,2:40 PM,32.1,32.2,32,35,14.7,0.9,SSE,0.27,3.1,SSW,32.1,31.9,31.9,1010.7,0,0,0,0.048,32.4,34,14.5,32.3,6.54,1.1342,117,1,100,5
150,2:45 PM,32.1,32.1,32,35,14.7,0.9,SSE,0.27,2.7,SSE,32.1,31.9,31.9,1010.7,0,0,0,0.048,32.1,35,14.7,32,6.75,1.1349,118,1,100,5
150,2:50 PM,32.1,32.1,31.9,34,14.2,1.3,SSE,0.4,3.6,ESE,32.1,31.8,31.8,1010.7,0,0,0,0.048,31.8,35,14.5,31.6,6.74,1.1362,117,1,100,5
150,2:55 PM,31.9,32,31.9,34,14.1,0.9,S,0.27,3.1,S,31.9,31.6,31.6,1010.5,0,0,0,0.047,31.5,35,14.2,31,6.72,1.1377,116,1,100,5
150,3:00 PM,32.1,32.1,32,33,13.8,0.9,S,0.27,1.8,S,32.1,31.7,31.7,1010.4,0,0,0,0.048,31.3,34,13.5,30.6,6.52,1.1391,117,1,100,5
150,3:05 PM,32.2,32.3,32.2,34,14.4,0.9,S,0.27,2.7,SSW,32.2,32.1,32.1,1010.3,0,0,0,0.048,31.1,35,13.8,30.4,6.71,1.1392,117,1,100,5
150,3:10 PM,32.2,32.3,32.1,33,13.9,1.3,SSE,0.4,2.7,SSE,32.2,31.9,31.9,1010.2,0,0,0,0.048,31.1,35,13.8,30.4,6.71,1.1394,117,1,100,5
150,3:15 PM,31.9,32.1,31.9,33,13.7,0.9,S,0.27,2.2,SE,31.9,31.5,31.5,1010.1,0,0,0,0.047,30.8,35,13.6,30.3,6.7,1.1403,117,1,100,5
150,3:20 PM,32.1,32.2,31.9,32,13.3,0.9,SE,0.27,1.8,ESE,32.1,31.6,31.6,1010,0,0,0,0.048,30.7,35,13.5,30.2,6.69,1.1411,117,1,100,5
150,3:25 PM,32.1,32.2,31.9,32,13.3,0.9,SE,0.27,2.2,SSE,32.1,31.6,31.6,1010,0,0,0,0.048,30.6,35,13.4,30.2,6.69,1.1413,117,1,100,5
150,3:30 PM,32.1,32.1,32.1,32,13.3,0.9,SSE,0.27,2.7,SSE,32.1,31.6,31.6,1009.9,0,0,0,0.048,30.6,34,12.9,30,6.49,1.142,117,1,100,5
150,3:35 PM,32.1,32.2,32.1,31,12.9,0.9,SSE,0.27,2.7,SE,32.1,31.6,31.6,1009.9,0,0,0,0.048,30.6,34,12.9,30,6.49,1.142,117,1,100,5
150,3:40 PM,32.4,32.4,32.3,31,13.1,0.9,SSE,0.27,2.7,S,32.4,31.9,31.9,1009.9,0,0,0,0.049,30.6,34,13,30.1,6.49,1.1416,117,1,100,5
150,3:45 PM,32.3,32.4,32.2,30,12.5,1.3,SE,0.4,2.2,SSE,32.3,31.8,31.8,1009.8,0,0,0,0.049,30.6,33,12.5,29.9,6.39,1.1423,117,1,100,5
150,3:50 PM,32.2,32.2,32.2,31,12.9,1.3,SE,0.4,3.1,SSE,32.2,31.7,31.7,1009.8,0,0,0,0.048,30.4,34,12.8,29.8,6.48,1.1426,118,1,100,5
150,3:55 PM,32.3,32.3,32.2,30,12.5,1.3,SSE,0.4,3.1,SSE,32.3,31.7,31.7,1009.8,0,0,0,0.048,30.4,32,11.9,29.7,6.25,1.1433,117,1,100,5
150,4:00 PM,32.3,32.3,32.2,30,12.5,1.8,SSE,0.54,2.7,SSE,32.3,31.7,31.7,1009.7,0,0,0,0.048,30.6,31,11.6,29.7,6.15,1.143,117,1,100,5
150,4:05 PM,32.2,32.3,32.1,29,11.9,1.8,SSE,0.54,4,SE,32.2,31.5,31.5,1009.7,0,0,0,0.048,30.6,32,12,29.8,6.25,1.1424,117,1,100,5
150,4:10 PM,32.2,32.2,32.1,29,11.9,1.3,S,0.4,3.6,SSE,32.2,31.4,31.4,1009.7,0,0,0,0.048,30.6,31,11.5,29.7,6.15,1.1432,117,1,100,5
150,4:15 PM,32.4,32.4,32.2,26,10.4,1.8,SSE,0.54,3.1,SSE,32.4,31.2,31.2,1009.7,0,0,0,0.049,30.7,29,10.6,29.5,5.81,1.1437,116,1,100,5
150,4:20 PM,32.4,32.5,32.4,26,10.5,1.8,SSE,0.54,3.1,SE,32.4,31.2,31.2,1009.6,0,0,0,0.049,30.8,28,10.2,29.5,5.65,1.1436,117,1,100,5
150,4:25 PM,32.3,32.4,32.3,27,10.9,1.3,S,0.4,2.7,SSE,32.3,31.3,31.3,1009.6,0,0,0,0.049,30.7,30,11.2,29.6,6,1.1428,116,1,100,5
150,4:30 PM,32.2,32.3,32,27,10.8,1.8,SSE,0.54,3.6,SSE,32.2,31.1,31.1,1009.6,0,0,0,0.048,30.7,30,11.2,29.6,6,1.1428,117,1,100,5
150,4:35 PM,31.9,32,31.8,27,10.6,1.8,SSE,0.54,3.6,SE,31.9,30.7,30.7,1009.6,0,0,0,0.047,30.6,30,11.1,29.6,6.01,1.1433,116,1,100,5
150,4:40 PM,31.9,31.9,31.8,28,11.1,1.8,S,0.54,3.1,SSE,31.9,30.7,30.7,1009.5,0,0,0,0.047,30.6,29,10.5,29.5,5.81,1.1437,117,1,100,5
150,4:45 PM,31.9,31.9,31.8,27,10.6,2.2,S,0.67,3.6,ESE,31.9,30.6,30.6,1009.4,0,0,0,0.047,30.7,29,10.6,29.5,5.81,1.1434,116,1,100,5
150,4:50 PM,31.8,31.8,31.8,29,11.5,1.8,SSE,0.54,4,ESE,31.8,30.7,30.7,1009.4,0,0,0,0.047,30.6,31,11.6,29.7,6.15,1.1426,117,1,100,5
150,4:55 PM,31.8,31.8,31.7,30,12.1,1.8,SSE,0.54,4,SE,31.8,30.8,30.8,1009.3,0,0,0,0.047,30.6,32,12,29.8,6.25,1.142,116,1,100,5
150,5:00 PM,31.7,31.7,31.6,29,11.5,1.8,SSE,0.54,3.1,SSE,31.7,30.4,30.4,1009.2,0,0,0,0.046,30.6,31,11.5,29.7,6.15,1.1426,116,1,100,5
150,5:05 PM,31.6,31.7,31.6,29,11.4,1.8,S,0.54,4,SSE,31.6,30.4,30.4,1009.1,0,0,0,0.046,30.4,31,11.4,29.6,6.15,1.1431,116,1,100,5
150,5:10 PM,31.6,31.7,31.4,28,10.8,1.8,SSE,0.54,3.1,SSE,31.6,30.2,30.2,1009.1,0,0,0,0.046,30.4,29,10.4,29.3,5.82,1.1443,117,1,100,5
150,5:15 PM,31.3,31.4,31.2,29,11.2,1.8,SSE,0.54,3.6,S,31.3,30,30,1009,0,0,0,0.045,30.3,31,11.3,29.4,6.15,1.1438,117,1,100,5
150,5:20 PM,31.1,31.2,31,31,12,1.8,SSE,0.54,3.1,SSE,31.1,29.9,29.9,1008.9,0,0,0,0.044,30.2,32,11.7,29.5,6.25,1.1434,116,1,100,5
150,5:25 PM,30.9,31,30.8,32,12.3,1.8,S,0.54,3.1,SSE,30.9,29.9,29.9,1008.9,0,0,0,0.044,30.2,33,12.1,29.6,6.38,1.1431,117,1,100,5
150,5:30 PM,30.7,30.8,30.6,33,12.6,1.8,SSE,0.54,3.6,ESE,30.7,30,30,1008.7,0,0,0,0.043,30.1,33,12.1,29.5,6.37,1.1432,117,1,100,5
150,5:35 PM,30.6,30.6,30.4,33,12.5,2.2,SSE,0.67,4,SE,30.6,29.9,29.9,1008.7,0,0,0,0.042,30.1,33,12,29.4,6.37,1.1434,115,1,100,5
150,5:40 PM,30.4,30.4,30.3,33,12.3,2.7,SE,0.8,4.5,SE,30.4,29.7,29.7,1008.6,0,0,0,0.042,29.9,34,12.3,29.4,6.47,1.1436,116,1,100,5
150,5:45 PM,30.2,30.3,30.2,34,12.6,1.8,SE,0.54,4.5,SE,30.2,29.7,29.7,1008.5,0,0,0,0.041,29.7,34,12.2,29.2,6.46,1.1443,117,1,100,5
150,5:50 PM,30.3,30.3,30.2,34,12.7,1.8,SSE,0.54,3.6,S,30.3,29.8,29.8,1008.4,0,0,0,0.041,29.7,35,12.6,29.3,6.66,1.1437,117,1,100,5
150,5:55 PM,30.3,30.3,30.3,35,13.1,1.8,SSE,0.54,3.6,S,30.3,29.9,29.9,1008.4,0,0,0,0.041,29.7,35,12.6,29.3,6.66,1.1437,117,1,100,5
150,6:00 PM,30.3,30.3,30.3,35,13.2,1.8,SSE,0.54,3.6,SE,30.3,29.9,29.9,1008.4,0,0,0,0.042,29.7,36,13,29.3,6.76,1.1435,117,1,100,5
150,6:05 PM,30.2,30.3,30.1,36,13.5,1.3,S,0.4,3.6,S,30.2,29.9,29.9,1008.3,0,0,0,0.041,29.6,36,13,29.3,6.76,1.1436,118,1,100,5
150,6:10 PM,30.1,30.1,29.9,38,14.2,1.3,SSE,0.4,2.7,ESE,30.1,29.9,29.9,1008.3,0,0,0,0.041,29.5,38,13.7,29.3,7.25,1.1432,116,1,100,5
150,6:15 PM,29.9,29.9,29.8,39,14.4,1.3,SSE,0.4,3.6,SE,29.9,29.9,29.9,1008.2,0,0,0,0.04,29.3,41,14.7,29.5,7.65,1.1425,117,1,100,5
150,6:20 PM,29.7,29.8,29.6,39,14.3,1.8,SSE,0.54,3.6,SE,29.7,29.7,29.7,1008.2,0,0,0,0.04,29.2,40,14.2,29.3,7.55,1.1435,117,1,100,5
150,6:25 PM,29.4,29.6,29.3,40,14.4,1.8,SE,0.54,3.1,SE,29.4,29.5,29.5,1008.2,0,0,0,0.039,29.1,40,14.1,29.2,7.55,1.1443,117,1,100,5
150,6:30 PM,29.2,29.3,29.2,42,15,1.3,SE,0.4,2.7,SSW,29.2,29.5,29.5,1008.2,0,0,0,0.038,28.8,41,14.3,29.1,7.67,1.1449,117,1,100,5
150,6:35 PM,29.1,29.2,29,42,14.8,1.3,SSE,0.4,3.6,SE,29.1,29.4,29.4,1008.1,0,0,0,0.037,28.7,42,14.5,28.9,7.85,1.1452,116,1,100,5
150,6:40 PM,28.8,28.9,28.6,43,15,1.8,SSE,0.54,4,SSE,28.8,29.2,29.2,1008.2,0,0,0,0.036,28.5,43,14.7,28.7,7.98,1.1456,117,1,100,5
150,6:45 PM,28.4,28.6,28.2,43,14.7,1.8,SSE,0.54,3.6,SE,28.4,28.6,28.6,1008.2,0,0,0,0.035,28.3,43,14.5,28.3,7.99,1.1467,117,1,100,5
150,6:50 PM,28.1,28.2,27.9,44,14.7,2.2,SSE,0.67,3.6,SE,28.1,28.2,28.2,1008.2,0,0,0,0.034,28.1,44,14.7,28.1,8.15,1.1474,117,1,100,5
150,6:55 PM,27.8,27.9,27.7,44,14.5,1.8,SSE,0.54,4,SE,27.8,27.7,27.7,1008.2,0,0,0,0.033,27.9,44,14.5,27.8,8.15,1.1482,116,1,100,5
150,7:00 PM,27.6,27.7,27.5,45,14.6,1.8,S,0.54,3.1,SW,27.6,27.5,27.5,1008.3,0,0,0,0.032,27.7,44,14.3,27.5,8.15,1.1494,114,1,100,5
150,7:05 PM,27.4,27.5,27.3,46,14.7,1.3,SE,0.4,3.6,ESE,27.4,27.3,27.3,1008.2,0,0,0,0.031,27.4,45,14.5,27.3,8.32,1.15,117,1,100,5
150,7:10 PM,27.2,27.3,27.1,47,14.9,1.8,SSE,0.54,3.6,S,27.2,27.1,27.1,1008.2,0,0,0,0.031,27.2,46,14.6,27.1,8.45,1.1507,118,1,100,5
150,7:15 PM,26.9,27.1,26.8,47,14.7,1.8,SE,0.54,4,SSW,26.9,26.8,26.8,1008.2,0,0,0,0.03,26.9,46,14.3,26.8,8.45,1.1521,117,1,100,5
150,7:20 PM,26.7,26.8,26.7,49,15.1,1.3,SSE,0.4,3.1,SE,26.7,26.7,26.7,1008.3,0,0,0,0.029,26.7,48,14.8,26.7,8.85,1.1524,117,1,100,5
150,7:25 PM,26.6,26.7,26.4,49,15,1.3,SSE,0.4,4,S,26.6,26.6,26.6,1008.2,0,0,0,0.029,26.5,48,14.6,26.4,8.86,1.1534,116,1,100,5
150,7:30 PM,26.3,26.4,26.2,49,14.8,1.3,SE,0.4,3.6,SE,26.3,26.4,26.4,1008.3,0,0,0,0.028,26.3,48,14.4,26.3,8.86,1.1547,117,1,100,5
150,7:35 PM,25.9,26.1,25.8,49,14.4,1.3,SSE,0.4,3.1,SE,25.9,25.9,25.9,1008.3,0,0,0,0.026,26.1,48,14.2,26.1,8.87,1.1557,116,1,100,5
150,7:40 PM,25.7,25.8,25.5,50,14.5,1.3,S,0.4,2.7,SSW,25.7,25.7,25.7,1008.3,0,0,0,0.025,25.8,49,14.3,25.8,8.98,1.1568,117,1,100,5
150,7:45 PM,25.2,25.5,24.9,51,14.4,1.3,SSE,0.4,3.6,SSE,25.2,25.2,25.2,1008.3,0,0,0,0.024,25.5,50,14.3,25.5,9.19,1.1578,117,1,100,5
150,7:50 PM,24.7,24.9,24.4,53,14.4,1.3,S,0.4,2.7,SSE,24.7,24.7,24.7,1008.4,0,0,0,0.022,25.2,50,14,25.1,9.2,1.1595,116,1,100,5
150,7:55 PM,24.3,24.4,24.1,54,14.4,1.3,SSE,0.4,3.1,SE,24.3,24.4,24.4,1008.4,0,0,0,0.021,24.9,51,14.1,24.9,9.35,1.1603,117,1,100,5
150,8:00 PM,23.8,24.1,23.7,55,14.2,0.9,SSE,0.27,3.1,SSE,23.8,24.1,24.1,1008.4,0,0,0,0.019,24.8,51,14,24.8,9.35,1.1612,116,1,100,5
150,8:05 PM,23.4,23.7,23.2,56,14.2,0.9,SSE,0.27,2.2,ESE,23.4,23.7,23.7,1008.5,0,0,0,0.018,24.5,51,13.7,24.5,9.35,1.1626,117,1,100,5
150,8:10 PM,22.9,23.2,22.7,56,13.7,1.3,S,0.4,2.2,S,22.9,23,23,1008.6,0,0,0,0.016,24.2,52,13.7,24.3,9.54,1.1641,117,1,100,5
150,8:15 PM,22.4,22.7,22.2,57,13.5,1.3,S,0.4,2.7,SW,22.4,22.4,22.4,1008.7,0,0,0,0.014,23.7,52,13.3,23.8,9.56,1.1664,115,1,100,5
150,8:20 PM,22,22.2,21.8,58,13.4,1.3,S,0.4,2.2,ESE,22,21.8,21.8,1008.7,0,0,0,0.013,23.3,53,13.2,23.3,9.69,1.168,118,1,100,5
150,8:25 PM,21.6,21.8,21.4,59,13.3,1.3,SSE,0.4,2.7,SW,21.6,21.3,21.3,1008.7,0,0,0,0.011,23,54,13.2,23,9.88,1.1694,117,1,100,5
150,8:30 PM,21.3,21.4,21.1,60,13.2,1.3,SE,0.4,3.1,SSW,21.3,20.9,20.9,1008.7,0,0,0,0.01,22.7,54,12.9,22.7,9.89,1.1708,117,1,100,5
150,8:35 PM,20.9,21.1,20.7,61,13.1,0.9,SSE,0.27,2.7,SSW,20.9,20.6,20.6,1008.7,0,0,0,0.009,22.5,55,13,22.4,10.1,1.1715,116,1,100,5
150,8:40 PM,20.6,20.7,20.5,61,12.8,0.9,SSE,0.27,2.2,ESE,20.6,20.3,20.3,1008.7,0,0,0,0.008,22.3,55,12.8,22,10.11,1.1727,117,1,100,5
150,8:45 PM,20.4,20.5,20.3,62,12.9,0.4,SE,0.13,0.9,S,20.4,20.2,20.2,1008.8,0,0,0,0.007,22.2,54,12.5,21.9,9.91,1.1733,117,1,100,5
150,8:50 PM,20.2,20.3,20.1,62,12.7,0.9,SSE,0.27,3.1,SSE,20.2,20.1,20.1,1008.8,0,0,0,0.007,22.1,55,12.6,21.8,10.11,1.1736,116,1,100,5
150,8:55 PM,19.9,20.1,19.9,61,12.2,1.8,SSE,0.54,4,SSE,19.9,19.8,19.8,1008.9,0,0,0,0.006,21.9,53,11.9,21.4,9.79,1.1752,117,1,100,5
150,9:00 PM,19.8,19.9,19.7,61,12,1.3,SSE,0.4,2.2,SSE,19.8,19.6,19.6,1008.9,0,0,0,0.005,21.8,54,12.1,21.2,9.93,1.1758,116,1,100,5
150,9:05 PM,19.6,19.7,19.4,62,12.1,1.3,S,0.4,2.7,SE,19.6,19.5,19.5,1009,0,0,0,0.004,21.6,54,11.9,21,9.93,1.1767,116,1,100,5
150,9:10 PM,19.3,19.5,19.2,63,12.1,1.3,SSE,0.4,2.7,SSE,19.3,19.2,19.2,1009.1,0,0,0,0.003,21.4,55,12,20.7,10.14,1.1776,117,1,100,5
150,9:15 PM,19.1,19.2,18.9,64,12.1,1.3,SSE,0.4,2.2,SE,19.1,18.9,18.9,1009.1,0,0,0,0.003,21.2,55,11.8,20.4,10.15,1.1788,117,1,100,5
150,9:20 PM,18.8,18.9,18.6,64,11.8,1.3,SSE,0.4,3.1,SSE,18.8,18.6,18.6,1009.2,0,0,0,0.002,20.9,56,11.8,20.3,10.36,1.1799,117,1,100,5
150,9:25 PM,18.5,18.6,18.4,65,11.8,0.9,SSE,0.27,1.8,SSE,18.5,18.3,18.3,1009.2,0,0,0,0.001,20.7,56,11.6,20.2,10.36,1.1808,117,1,100,5
150,9:30 PM,18.3,18.4,18.3,65,11.6,0.9,SSE,0.27,2.2,S,18.3,18.2,18.2,1009.3,0,0,0,0,20.6,57,11.7,20.1,10.57,1.1814,116,1,100,5
150,9:35 PM,18.2,18.3,18.1,66,11.8,0.9,SSE,0.27,1.8,SSE,18.2,18.1,18.1,1009.4,0,0,0,0,20.4,57,11.6,19.9,10.58,1.1823,117,1,100,5
150,9:40 PM,18.1,18.1,18,66,11.6,0.9,S,0.27,1.8,SE,18.1,17.9,17.9,1009.4,0,0,0.001,0,20.3,57,11.5,19.9,10.58,1.1829,117,1,100,5
150,9:45 PM,17.9,18,17.8,66,11.4,0.9,SE,0.27,1.8,S,17.9,17.7,17.7,1009.5,0,0,0.002,0,20.1,57,11.3,19.8,10.59,1.1839,117,1,100,5
150,9:50 PM,17.7,17.8,17.6,67,11.5,1.3,SSE,0.4,2.7,SE,17.7,17.5,17.5,1009.6,0,0,0.002,0,19.9,58,11.4,19.6,10.75,1.1848,117,1,100,5
150,9:55 PM,17.5,17.6,17.5,67,11.3,0.9,S,0.27,1.8,SSE,17.5,17.3,17.3,1009.6,0,0,0.003,0,19.7,58,11.2,19.4,10.75,1.1857,117,1,100,5
150,10:00 PM,17.4,17.5,17.4,67,11.2,0.4,SE,0.13,1.8,SSW,17.4,17.2,17.2,1009.6,0,0,0.003,0,19.7,58,11.2,19.4,10.75,1.1857,117,1,100,5
150,10:05 PM,17.3,17.4,17.2,67,11.1,0.4,SSE,0.13,1.3,SSE,17.3,17,17,1009.6,0,0,0.004,0,19.7,57,10.9,19.3,10.6,1.1862,116,1,100,5
150,10:10 PM,17.1,17.2,17.1,67,10.9,0.9,SSE,0.27,1.8,SSE,17.1,16.8,16.8,1009.4,0,0,0.004,0,19.6,57,10.8,19.2,10.61,1.1866,117,1,100,5
150,10:15 PM,17,17.1,16.9,68,11,0.4,SSE,0.13,0.9,SE,17,16.7,16.7,1009.5,0,0,0.005,0,19.5,57,10.8,19.1,10.61,1.1869,116,1,100,5
150,10:20 PM,16.8,16.9,16.8,68,10.9,0,SSE,0,0.9,SSE,16.8,16.6,16.6,1009.4,0,0,0.005,0,19.4,57,10.7,19.1,10.61,1.1871,117,1,100,5
150,10:25 PM,16.7,16.8,16.7,69,11,0,---,0,0,---,16.7,16.4,16.4,1009.5,0,0,0.006,0,19.4,57,10.6,18.9,10.61,1.1875,117,1,100,5
150,10:30 PM,16.7,16.7,16.7,69,11,0.4,SSE,0.13,1.3,E,16.7,16.4,16.4,1009.6,0,0,0.006,0,19.3,58,10.8,18.9,10.75,1.1879,118,1,100,5
150,10:35 PM,16.7,16.7,16.7,68,10.8,0.4,SE,0.13,1.3,S,16.7,16.4,16.4,1009.5,0,0,0.006,0,19.2,58,10.8,18.8,10.75,1.1881,117,1,100,5
150,10:40 PM,16.7,16.7,16.7,69,11,0.9,SSE,0.27,1.8,E,16.7,16.4,16.4,1009.6,0,0,0.006,0,19.2,58,10.7,18.7,10.75,1.1884,117,1,100,5
150,10:45 PM,16.6,16.7,16.6,69,10.9,0.9,SSE,0.27,1.8,SE,16.6,16.3,16.3,1009.6,0,0,0.006,0,19.1,59,10.9,18.7,10.95,1.1887,117,1,100,5
150,10:50 PM,16.6,16.6,16.6,69,10.8,0.4,SSE,0.13,1.3,S,16.6,16.2,16.2,1009.6,0,0,0.006,0,18.9,58,10.5,18.5,10.75,1.1896,117,1,100,5
150,10:55 PM,16.5,16.6,16.4,69,10.8,0,S,0,0.9,S,16.5,16.2,16.2,1009.6,0,0,0.006,0,18.9,58,10.5,18.5,10.75,1.1896,117,1,100,5
150,11:00 PM,16.4,16.4,16.4,70,10.9,0.4,SSE,0.13,1.3,SE,16.4,16.1,16.1,1009.7,0,0,0.007,0,18.9,58,10.5,18.5,10.75,1.1897,117,1,100,5
150,11:05 PM,16.3,16.4,16.3,70,10.8,0.4,SSE,0.13,1.3,SSE,16.3,16,16,1009.7,0,0,0.007,0,18.9,58,10.4,18.4,10.75,1.1899,117,1,100,5
150,11:10 PM,16.3,16.3,16.3,70,10.8,0.4,SSE,0.13,1.3,SE,16.3,16,16,1009.6,0,0,0.007,0,18.9,59,10.7,18.4,10.95,1.1896,117,1,100,5
150,11:15 PM,16.3,16.3,16.2,70,10.8,0.4,SSE,0.13,1.3,SE,16.3,15.9,15.9,1009.5,0,0,0.007,0,18.8,59,10.6,18.3,10.95,1.19,117,1,100,5
150,11:20 PM,16.2,16.2,16.1,70,10.7,0,SE,0,0.9,SE,16.2,15.8,15.8,1009.5,0,0,0.008,0,18.7,59,10.5,18.3,10.95,1.1903,117,1,100,5
150,11:25 PM,16,16.1,15.9,71,10.7,0,SSE,0,0.4,SE,16,15.7,15.7,1009.5,0,0,0.008,0,18.7,59,10.5,18.2,10.95,1.1906,116,1,100,5
150,11:30 PM,15.9,15.9,15.9,71,10.7,0.4,SSE,0.13,0.9,S,15.9,15.7,15.7,1009.6,0,0,0.008,0,18.6,59,10.4,18.2,10.95,1.191,117,1,100,5
150,11:35 PM,15.9,16,15.9,71,10.7,0.4,SE,0.13,0.9,SE,15.9,15.7,15.7,1009.5,0,0,0.008,0,18.6,59,10.4,18.1,10.95,1.1912,117,1,100,5
150,11:40 PM,16,16,15.9,72,11,0.4,ESE,0.13,1.3,SE,16,15.7,15.7,1009.6,0,0,0.008,0,18.6,60,10.6,18.1,11.05,1.191,116,1,100,5
150,11:45 PM,15.8,15.9,15.8,72,10.8,0.4,SE,0.13,1.3,SE,15.8,15.6,15.6,1009.7,0,0,0.009,0,18.4,61,10.8,18.1,11.25,1.1914,117,1,100,5
150,11:50 PM,15.7,15.8,15.6,73,10.9,0.9,SE,0.27,1.8,SSE,15.7,15.4,15.4,1009.7,0,0,0.009,0,18.3,61,10.6,17.9,11.25,1.1923,117,1,100,5
150,11:55 PM,15.6,15.6,15.5,73,10.7,0.9,SSE,0.27,2.2,ESE,15.6,15.3,15.3,1009.7,0,0,0.01,0,18.2,62,10.8,17.8,11.45,1.1926,116,1,100,5
151,12:00 AM,15.4,15.5,15.3,74,10.8,0.9,SSE,0.27,2.7,S,15.4,15.2,15.2,1009.7,0,0,0.01,0,18.1,62,10.7,17.7,11.45,1.1932,117,1,100,5
151,12:05 AM,15.3,15.3,15.2,74,10.7,1.3,SSE,0.4,2.2,SSE,15.3,15,15,1009.7,0,0,0.011,0,17.9,63,10.8,17.6,11.65,1.1934,116,1,100,5
151,12:10 AM,15.2,15.2,15.1,75,10.8,0.9,SSE,0.27,2.2,SE,15.2,14.9,14.9,1009.7,0,0,0.011,0,17.8,63,10.7,17.5,11.65,1.194,117,1,100,5
151,12:15 AM,15.1,15.1,15.1,76,10.9,0.9,SSE,0.27,1.8,SSE,15.1,14.8,14.8,1009.6,0,0,0.011,0,17.7,63,10.6,17.3,11.65,1.1945,117,1,100,5
151,12:20 AM,15,15.1,14.9,76,10.8,1.3,SSE,0.4,2.2,SSE,15,14.8,14.8,1009.6,0,0,0.012,0,17.7,64,10.8,17.4,11.77,1.1943,116,1,100,5
151,12:25 AM,14.9,14.9,14.9,77,10.9,0.9,SSE,0.27,1.8,SSE,14.9,14.7,14.7,1009.6,0,0,0.012,0,17.6,64,10.7,17.3,11.78,1.1949,117,1,100,5
151,12:30 AM,14.9,14.9,14.8,77,10.9,0.9,SSE,0.27,2.2,SSE,14.9,14.7,14.7,1009.6,0,0,0.012,0,17.6,64,10.7,17.2,11.78,1.1951,118,1,100,5
151,12:35 AM,14.8,14.8,14.7,78,11,1.3,SSE,0.4,2.2,SSE,14.8,14.6,14.6,1009.7,0,0,0.012,0,17.4,65,10.8,17.1,11.98,1.1955,117,1,100,5
151,12:40 AM,14.7,14.7,14.7,78,10.9,0.9,SSE,0.27,1.8,SSE,14.7,14.5,14.5,1009.6,0,0,0.013,0,17.3,65,10.7,17,11.99,1.196,115,1,100,5
151,12:45 AM,14.6,14.7,14.6,78,10.8,0.9,SSE,0.27,2.2,SSE,14.6,14.4,14.4,1009.6,0,0,0.013,0,17.4,65,10.7,17.1,11.98,1.1957,117,1,100,5
151,12:50 AM,14.5,14.6,14.4,79,10.9,1.3,SSE,0.4,2.7,SSW,14.5,14.3,14.3,1009.6,0,0,0.013,0,17.3,66,10.9,17.1,12.22,1.1958,117,1,100,5
151,12:55 AM,14.4,14.4,14.3,80,11,0.9,SSE,0.27,2.2,SW,14.4,14.3,14.3,1009.6,0,0,0.014,0,17.2,67,11,16.9,12.49,1.1964,117,1,100,5
151,1:00 AM,14.2,14.3,14.2,80,10.8,1.3,SSE,0.4,2.7,SSE,14.2,14.1,14.1,1009.7,0,0,0.014,0,17.1,67,10.9,16.8,12.5,1.1971,117,1,100,5
151,1:05 AM,14.1,14.2,14.1,81,10.9,1.3,SSE,0.4,1.8,SE,14.1,14,14,1009.7,0,0,0.015,0,17,67,10.8,16.7,12.5,1.1974,116,1,100,5
151,1:10 AM,14,14.1,13.9,81,10.8,1.3,SSE,0.4,2.2,SE,14,13.9,13.9,1009.7,0,0,0.015,0,16.9,67,10.7,16.6,12.5,1.1979,116,1,100,5
151,1:15 AM,13.9,13.9,13.9,82,10.9,1.3,SSE,0.4,2.7,SSE,13.9,13.8,13.8,1009.6,0,0,0.015,0,16.8,68,10.8,16.5,12.75,1.1982,117,1,100,5
151,1:20 AM,13.9,13.9,13.9,82,10.9,0.9,SSE,0.27,1.8,SSE,13.9,13.8,13.8,1009.6,0,0,0.015,0,16.8,67,10.6,16.4,12.51,1.1984,117,1,100,5
151,1:25 AM,13.9,13.9,13.9,82,10.9,0.9,SE,0.27,1.8,S,13.9,13.8,13.8,1009.6,0,0,0.015,0,16.7,68,10.8,16.4,12.75,1.1985,116,1,100,5
151,1:30 AM,13.9,13.9,13.9,81,10.7,0.9,SSE,0.27,2.2,SE,13.9,13.7,13.7,1009.6,0,0,0.015,0,16.7,68,10.8,16.4,12.75,1.1984,117,1,100,5
151,1:35 AM,13.8,13.9,13.8,82,10.8,1.3,SSE,0.4,2.2,SSE,13.8,13.7,13.7,1009.6,0,0,0.016,0,16.7,68,10.8,16.4,12.75,1.1984,117,1,100,5
151,1:40 AM,13.8,13.8,13.7,82,10.8,0.9,S,0.27,1.8,SSE,13.8,13.7,13.7,1009.6,0,0,0.016,0,16.7,68,10.7,16.3,12.75,1.1987,118,1,100,5
151,1:45 AM,13.7,13.7,13.7,82,10.7,0.9,SSE,0.27,2.2,S,13.7,13.6,13.6,1009.6,0,0,0.016,0,16.6,68,10.6,16.2,12.75,1.1992,116,1,100,5
151,1:50 AM,13.7,13.7,13.6,82,10.6,0.9,SSE,0.27,2.2,S,13.7,13.6,13.6,1009.6,0,0,0.016,0,16.6,68,10.6,16.2,12.75,1.1993,117,1,100,5
151,1:55 AM,13.6,13.6,13.5,82,10.5,1.3,SSE,0.4,2.2,SE,13.6,13.4,13.4,1009.6,0,0,0.017,0,16.5,68,10.6,16.2,12.75,1.1995,117,1,100,5
151,2:00 AM,13.4,13.5,13.4,83,10.6,1.3,SSE,0.4,1.8,SSE,13.4,13.3,13.3,1009.5,0,0,0.017,0,16.4,68,10.5,16.1,12.75,1.2,117,1,100,5
151,2:05 AM,13.4,13.4,13.3,83,10.6,1.3,SSE,0.4,2.7,SSE,13.4,13.3,13.3,1009.6,0,0,0.017,0,16.3,69,10.6,16,12.98,1.2002,117,1,100,5
151,2:10 AM,13.3,13.3,13.2,83,10.5,0.9,SSE,0.27,1.8,SSE,13.3,13.2,13.2,1009.7,0,0,0.018,0,16.2,69,10.5,15.9,12.97,1.2008,117,1,100,5
151,2:15 AM,13.2,13.3,13.2,83,10.4,0.4,SSE,0.13,1.3,S,13.2,13.1,13.1,1009.6,0,0,0.018,0,16.2,69,10.5,15.8,12.97,1.201,116,1,100,5
151,2:20 AM,13.2,13.2,13.2,83,10.4,0.4,SE,0.13,1.3,SSE,13.2,13.1,13.1,1009.5,0,0,0.018,0,16.2,69,10.5,15.8,12.97,1.2009,117,1,100,5
151,2:25 AM,13.2,13.2,13.2,83,10.4,0,SE,0,0.9,E,13.2,13.1,13.1,1009.4,0,0,0.018,0,16.2,69,10.5,15.8,12.97,1.2008,117,1,100,5
151,2:30 AM,13.2,13.2,13.2,83,10.3,0.4,SE,0.13,0.9,SSE,13.2,13.1,13.1,1009.4,0,0,0.018,0,16.2,69,10.5,15.8,12.97,1.2007,116,1,100,5
151,2:35 AM,13.2,13.2,13.2,83,10.3,0.4,SE,0.13,1.3,SSE,13.2,13.1,13.1,1009.5,0,0,0.018,0,16.1,69,10.4,15.8,12.97,1.2012,117,1,100,5
151,2:40 AM,13.2,13.2,13.2,83,10.3,0.9,SSE,0.27,1.8,SSE,13.2,13.1,13.1,1009.4,0,0,0.018,0,16.1,69,10.4,15.7,12.97,1.2014,117,1,100,5
151,2:45 AM,13.2,13.2,13.1,83,10.3,0.9,SSE,0.27,1.8,SSE,13.2,13.1,13.1,1009.4,0,0,0.018,0,15.9,69,10.3,15.6,12.96,1.2019,118,1,100,5
151,2:50 AM,13.1,13.1,13.1,83,10.2,0.4,SSE,0.13,1.8,SSE,13.1,12.9,12.9,1009.3,0,0,0.018,0,15.9,69,10.2,15.6,12.96,1.2021,117,1,100,5
151,2:55 AM,13.1,13.1,13.1,83,10.2,0.4,SE,0.13,1.3,SSE,13.1,12.9,12.9,1009.4,0,0,0.018,0,15.8,69,10.2,15.4,12.96,1.2025,117,1,100,5
151,3:00 AM,13.1,13.1,13,83,10.2,0.9,SE,0.27,1.3,SSE,13.1,12.9,12.9,1009.4,0,0,0.018,0,15.8,69,10.2,15.4,12.96,1.2025,117,1,100,5
151,3:05 AM,12.9,13,12.9,83,10.1,0.9,SSE,0.27,1.3,SSE,12.9,12.8,12.8,1009.4,0,0,0.019,0,15.7,70,10.3,15.4,13.26,1.2028,117,1,100,5
151,3:10 AM,12.9,12.9,12.8,84,10.2,0.9,SSE,0.27,1.8,S,12.9,12.8,12.8,1009.5,0,0,0.019,0,15.7,70,10.2,15.3,13.25,1.2032,117,1,100,5
151,3:15 AM,12.8,12.8,12.7,84,10.1,0.9,S,0.27,1.8,SSE,12.8,12.7,12.7,1009.5,0,0,0.019,0,15.7,70,10.2,15.3,13.25,1.2033,117,1,100,5
151,3:20 AM,12.7,12.7,12.6,84,10,0.9,SSE,0.27,1.8,SSE,12.7,12.6,12.6,1009.4,0,0,0.02,0,15.6,70,10.1,15.2,13.25,1.2037,117,1,100,5
151,3:25 AM,12.6,12.6,12.5,85,10.1,0.4,SSE,0.13,1.8,S,12.6,12.5,12.5,1009.4,0,0,0.02,0,15.6,70,10.1,15.2,13.25,1.2037,116,1,100,5
151,3:30 AM,12.5,12.5,12.4,85,10,0.4,ESE,0.13,1.3,E,12.5,12.4,12.4,1009.4,0,0,0.02,0,15.4,70,10,15.1,13.26,1.2043,116,1,100,5
151,3:35 AM,12.4,12.4,12.4,85,10,0.9,SE,0.27,1.8,SE,12.4,12.4,12.4,1009.3,0,0,0.02,0,15.4,70,9.9,15.1,13.26,1.2045,117,1,100,5
151,3:40 AM,12.4,12.4,12.4,85,10,0.9,SSE,0.27,1.8,ESE,12.4,12.4,12.4,1009.3,0,0,0.02,0,15.3,71,10.1,15,13.47,1.2045,117,1,100,5
151,3:45 AM,12.4,12.4,12.4,85,10,0.9,SSE,0.27,1.8,SSE,12.4,12.4,12.4,1009.3,0,0,0.02,0,15.3,71,10,14.9,13.48,1.2048,117,1,100,5
151,3:50 AM,12.4,12.4,12.4,85,10,1.3,SSE,0.4,2.2,S,12.4,12.4,12.4,1009.4,0,0,0.02,0,15.2,72,10.2,14.9,13.79,1.205,117,1,100,5
151,3:55 AM,12.4,12.4,12.3,86,10.1,1.3,SSE,0.4,2.7,SE,12.4,12.3,12.3,1009.4,0,0,0.021,0,15.1,72,10.1,14.8,13.8,1.2056,118,1,100,5
151,4:00 AM,12.3,12.3,12.2,86,10,0.9,SE,0.27,1.8,S,12.3,12.2,12.2,1009.4,0,0,0.021,0,15,72,10,14.7,13.81,1.2061,117,1,100,5
151,4:05 AM,12.2,12.2,12.1,87,10.1,0.9,SE,0.27,2.2,S,12.2,12.2,12.2,1009.3,0,0,0.021,0,14.9,73,10.1,14.6,14.04,1.2061,116,1,100,5
151,4:10 AM,12.1,12.1,12.1,87,10,0.9,SSE,0.27,1.8,SE,12.1,12.1,12.1,1009.3,0,0,0.022,0,14.9,73,10.1,14.6,14.05,1.2064,117,1,100,5
151,4:15 AM,12,12.1,12,87,9.9,0.9,SE,0.27,2.2,SSE,12,12,12,1009.4,0,0,0.022,0,14.8,73,10,14.5,14.05,1.2067,117,1,100,5
151,4:20 AM,11.9,12,11.9,87,9.8,0.9,SSE,0.27,2.2,SE,11.9,11.9,11.9,1009.4,0,0,0.022,0,14.8,73,10,14.4,14.06,1.2071,117,1,100,5
151,4:25 AM,11.8,11.9,11.8,88,9.9,1.3,SSE,0.4,2.7,SE,11.8,11.8,11.8,1009.4,0,0,0.023,0,14.7,73,9.9,14.4,14.07,1.2074,117,1,100,5
151,4:30 AM,11.8,11.8,11.7,88,9.9,0.9,SSE,0.27,1.8,SSE,11.8,11.8,11.8,1009.3,0,0,0.023,0,14.7,73,9.9,14.3,14.08,1.2076,117,1,100,5
151,4:35 AM,11.7,11.8,11.7,88,9.8,0.9,SSE,0.27,1.8,S,11.7,11.7,11.7,1009.3,0,0,0.023,0,14.6,73,9.8,14.3,14.09,1.2078,116,1,100,5
151,4:40 AM,11.7,11.7,11.6,88,9.7,0.4,SE,0.13,1.3,SE,11.7,11.7,11.7,1009.4,0,0,0.023,0,14.6,74,10,14.2,14.36,1.208,116,1,100,5
151,4:45 AM,11.6,11.6,11.6,88,9.6,0.4,SSE,0.13,0.9,SSE,11.6,11.6,11.6,1009.5,0,0,0.024,0,14.4,74,9.8,14.1,14.38,1.209,117,1,100,5
151,4:50 AM,11.5,11.6,11.4,88,9.6,0.4,SSE,0.13,0.9,SE,11.5,11.6,11.6,1009.5,0,0,0.024,0,14.3,74,9.8,14,14.38,1.2093,116,1,100,5
151,4:55 AM,11.4,11.4,11.4,89,9.6,0.4,SE,0.13,1.3,SE,11.4,11.4,11.4,1009.6,0,0,0.024,0,14.3,74,9.7,13.9,14.39,1.2096,117,1,100,5
151,5:00 AM,11.4,11.4,11.3,89,9.6,0.9,SSE,0.27,1.8,SE,11.4,11.4,11.4,1009.5,0,0,0.024,0,14.3,74,9.7,13.9,14.39,1.2095,118,1,100,5
151,5:05 AM,11.4,11.4,11.3,89,9.6,0.9,SSE,0.27,1.8,SE,11.4,11.4,11.4,1009.5,0,0,0.024,0,14.3,74,9.8,14,14.38,1.2092,117,1,100,5
151,5:10 AM,11.3,11.4,11.3,89,9.6,0.9,SSE,0.27,1.8,ESE,11.3,11.4,11.4,1009.5,0,0,0.024,0,14.3,74,9.8,14,14.38,1.2093,117,1,100,5
151,5:15 AM,11.3,11.3,11.3,89,9.6,0.9,SSE,0.27,2.2,SE,11.3,11.4,11.4,1009.6,0,0,0.024,0,14.3,74,9.8,14,14.38,1.2094,117,1,100,5
151,5:20 AM,11.3,11.3,11.3,89,9.5,0.9,S,0.27,1.3,SE,11.3,11.3,11.3,1009.6,0,0,0.024,0,14.2,75,9.9,13.9,14.75,1.2098,117,1,100,5
151,5:25 AM,11.2,11.3,11.2,89,9.5,0.9,SSE,0.27,1.8,SSE,11.2,11.3,11.3,1009.7,0,0,0.025,0,14.1,75,9.7,13.8,14.76,1.2107,117,1,100,5
151,5:30 AM,11.2,11.2,11.2,89,9.4,0.9,SSE,0.27,2.2,SSE,11.2,11.3,11.3,1009.7,0,0,0.025,0,13.9,76,9.8,13.7,15.07,1.2111,117,1,100,5
151,5:35 AM,11.1,11.2,11.1,90,9.5,0.9,SSW,0.27,1.8,SE,11.1,11.2,11.2,1009.7,0,0,0.025,0,13.9,76,9.7,13.6,15.07,1.2115,117,1,100,5
151,5:40 AM,11.2,11.2,11.1,90,9.6,0.4,SSE,0.13,1.3,SSE,11.2,11.3,11.3,1009.8,0,0,0.025,0,13.8,76,9.7,13.6,15.07,1.2118,117,1,100,5
151,5:45 AM,11.2,11.2,11.2,89,9.4,0.9,SSE,0.27,1.8,SSW,11.2,11.3,11.3,1009.8,0,0,0.025,0,13.8,76,9.7,13.6,15.07,1.2118,117,1,100,5
151,5:50 AM,11.1,11.2,11.1,89,9.4,0.9,SSE,0.27,2.2,S,11.1,11.2,11.2,1009.9,0,0,0.025,0,13.8,76,9.6,13.5,15.08,1.2123,117,1,100,5
151,5:55 AM,11.1,11.1,11.1,89,9.4,1.3,SSE,0.4,2.7,ESE,11.1,11.2,11.2,1009.9,0,0,0.025,0,13.7,76,9.6,13.4,15.08,1.2126,117,1,100,5
151,6:00 AM,11.1,11.1,11,90,9.5,1.3,SSE,0.4,2.7,SSE,11,11.2,11.1,1010,0,0,0.025,0,13.6,77,9.6,13.3,15.42,1.2133,117,1,100,5
151,6:05 AM,11,11,10.9,90,9.4,1.3,SE,0.4,3.1,S,10.9,11.1,11.1,1009.9,0,0,0.025,0,13.4,77,9.5,13.2,15.43,1.2138,117,1,100,5
151,6:10 AM,10.9,11,10.9,90,9.4,0.9,SSE,0.27,3.1,SSW,10.9,11.1,11.1,1009.9,0,0,0.026,0,13.4,77,9.5,13.2,15.43,1.2137,118,1,100,5
151,6:15 AM,10.9,10.9,10.8,90,9.3,1.3,SSE,0.4,2.2,SE,10.8,11,10.9,1009.9,0,0,0.026,0,13.4,77,9.5,13.2,15.43,1.2138,116,1,100,5
151,6:20 AM,10.8,10.9,10.8,90,9.3,1.3,SSE,0.4,2.7,SE,10.8,10.9,10.9,1010,0,0,0.026,0,13.5,76,9.4,13.2,15.1,1.2138,117,1,100,5
151,6:25 AM,10.9,11,10.9,90,9.4,1.3,SSE,0.4,3.1,SE,10.9,11.1,11,1010.1,0,0,0.026,0,13.5,77,9.5,13.2,15.42,1.2138,117,1,100,5
151,6:30 AM,11.2,11.4,11,89,9.5,1.3,SE,0.4,3.6,SE,11.2,11.3,11.2,1010.2,0,0,0.025,0,13.6,77,9.6,13.3,15.42,1.2136,117,1,100,5
151,6:35 AM,11.6,11.8,11.4,88,9.7,1.3,SE,0.4,3.1,ESE,11.6,11.6,11.6,1010.2,0,0,0.023,0,13.7,76,9.6,13.4,15.08,1.2129,117,1,100,5
151,6:40 AM,12.1,12.2,11.8,87,10,0.9,SSE,0.27,2.2,SE,12.1,12.1,12.1,1010.3,0,0,0.022,0,13.9,76,9.8,13.7,15.07,1.2119,117,1,100,5
151,6:45 AM,12.4,12.6,12.3,86,10.2,0.9,SSE,0.27,2.7,ESE,12.4,12.4,12.4,1010.2,0,0,0.02,0,14.1,76,9.9,13.8,15.05,1.2109,117,1,100,5
151,6:50 AM,12.6,12.6,12.5,85,10.1,1.3,SE,0.4,3.1,ESE,12.6,12.5,12.5,1010.2,0,0,0.02,0,14.3,75,9.9,14,14.74,1.2102,117,1,100,5
151,6:55 AM,12.5,12.5,12.5,86,10.2,0.9,SSE,0.27,2.2,WSW,12.5,12.4,12.4,1010.1,0,0,0.02,0,14.4,75,10,14.1,14.73,1.2096,116,1,100,5
151,7:00 AM,12.6,12.6,12.5,86,10.3,0.9,S,0.27,2.2,S,12.6,12.5,12.5,1010.3,0,0,0.02,0,14.6,75,10.2,14.3,14.72,1.2086,117,1,100,5
151,7:05 AM,12.7,12.9,12.6,86,10.4,0.9,SE,0.27,2.2,SE,12.7,12.7,12.7,1010.3,0,0,0.019,0,14.9,74,10.3,14.6,14.32,1.2074,117,1,100,5
151,7:10 AM,13.2,13.5,12.9,84,10.6,0.9,SSE,0.27,2.2,SW,13.2,13.2,13.2,1010.2,0,0,0.018,0,15.2,73,10.4,14.9,14,1.2058,115,1,100,5
151,7:15 AM,13.8,14.1,13.5,82,10.8,0.9,SSE,0.27,2.7,SE,13.8,13.7,13.7,1010.2,0,0,0.016,0,15.5,72,10.5,15.2,13.76,1.2045,118,1,100,5
151,7:20 AM,14.2,14.3,14.1,81,11,0.9,SSE,0.27,2.7,SE,14.2,14.1,14.1,1010.2,0,0,0.014,0,15.8,71,10.5,15.4,13.46,1.2033,117,1,100,5
151,7:25 AM,14.4,14.6,14.3,80,11,1.3,SSE,0.4,2.7,S,14.4,14.3,14.3,1010.1,0,0,0.014,0,16.1,71,10.8,15.8,13.47,1.2015,117,1,100,5
151,7:30 AM,14.6,14.7,14.6,79,11,1.3,SSE,0.4,2.2,SSE,14.6,14.4,14.4,1010.3,0,0,0.013,0,16.4,70,10.9,16.1,13.28,1.2005,117,1,100,5
151,7:35 AM,14.9,15.1,14.8,79,11.3,1.3,SE,0.4,2.2,S,14.9,14.7,14.7,1010.2,0,0,0.012,0,16.7,70,11.2,16.4,13.29,1.199,117,1,100,5
151,7:40 AM,15.3,15.4,15.1,77,11.3,1.3,SE,0.4,2.7,ESE,15.3,15.1,15.1,1010.3,0,0,0.011,0,16.9,69,11.2,16.7,13,1.1979,116,1,100,5
151,7:45 AM,15.6,15.7,15.4,76,11.3,1.3,SSE,0.4,2.2,S,15.6,15.4,15.4,1010.2,0,0,0.01,0,17.3,67,11.1,17,12.49,1.1965,116,1,100,5
151,7:50 AM,15.8,15.9,15.7,75,11.4,1.3,SSE,0.4,2.2,SSE,15.8,15.7,15.7,1010.1,0,0,0.009,0,17.6,66,11.2,17.3,12.2,1.195,117,1,100,5
151,7:55 AM,16.1,16.2,15.9,74,11.5,1.3,SE,0.4,2.7,SE,16.1,15.9,15.9,1010.2,0,0,0.008,0,17.9,65,11.2,17.6,11.97,1.1939,117,1,100,5
151,8:00 AM,16.4,16.6,16.2,73,11.6,1.3,SE,0.4,3.1,SE,16.4,16.2,16.2,1010.3,0,0,0.007,0,18.3,64,11.3,18.1,11.75,1.1922,117,1,100,5
151,8:05 AM,16.7,16.7,16.6,72,11.6,1.3,SSE,0.4,3.1,SE,16.7,16.4,16.4,1010.3,0,0,0.006,0,18.6,63,11.4,18.4,11.64,1.1908,117,1,100,5
151,8:10 AM,16.7,16.8,16.7,71,11.4,1.8,SSE,0.54,3.1,SSE,16.7,16.5,16.5,1010.3,0,0,0.006,0,18.8,62,11.3,18.5,11.43,1.1902,117,1,100,5
151,8:15 AM,16.6,16.7,16.5,72,11.5,1.3,S,0.4,2.7,SSE,16.6,16.3,16.3,1010.4,0,0,0.006,0,18.6,63,11.4,18.4,11.64,1.1909,116,1,100,5
151,8:20 AM,16.5,16.6,16.5,73,11.6,0.9,SSE,0.27,2.7,SE,16.5,16.3,16.3,1010.4,0,0,0.006,0,18.3,65,11.6,18.1,11.95,1.1921,118,1,100,5
151,8:25 AM,16.7,16.9,16.6,72,11.6,1.3,SSE,0.4,2.7,SSE,16.7,16.5,16.5,1010.4,0,0,0.006,0,18.3,63,11.2,18.1,11.65,1.1924,116,1,100,5
151,8:30 AM,17.1,17.3,16.9,70,11.6,1.3,SSE,0.4,3.1,SSE,17.1,16.9,16.9,1010.5,0,0,0.004,0,18.8,62,11.3,18.5,11.43,1.1905,117,1,100,5
151,8:35 AM,17.4,17.4,17.3,68,11.4,1.3,SSE,0.4,2.7,SSE,17.4,17.2,17.2,1010.6,0,0,0.003,0,19.2,60,11.2,18.8,11.05,1.1891,116,1,100,5
151,8:40 AM,17.4,17.6,17.4,68,11.5,1.3,SE,0.4,2.7,S,17.4,17.2,17.2,1010.4,0,0,0.003,0,19.3,60,11.4,19.1,11.05,1.1881,117,1,100,5
151,8:45 AM,17.7,17.7,17.6,68,11.7,0.9,SSE,0.27,1.8,SSE,17.7,17.5,17.5,1010.4,0,0,0.002,0,19.8,59,11.5,19.5,10.95,1.1861,116,1,100,5
151,8:50 AM,17.8,17.8,17.7,68,11.8,0.4,SE,0.13,1.3,SSE,17.8,17.6,17.6,1010.3,0,0,0.002,0,19.9,59,11.7,19.7,10.95,1.1851,117,1,100,5
151,8:55 AM,18.1,18.3,17.8,66,11.6,0.9,SSE,0.27,1.8,SSW,18.1,17.9,17.9,1010.5,0,0,0.001,0,20.1,58,11.5,19.8,10.75,1.1851,117,1,100,5
151,9:00 AM,18.3,18.3,18.2,66,11.8,0.9,SE,0.27,2.2,SSE,18.3,18.1,18.1,1010.6,0,0,0,0,20.3,57,11.5,19.9,10.58,1.1844,116,1,100,5
151,9:05 AM,18.4,18.4,18.3,65,11.7,1.3,SSE,0.4,2.7,SE,18.4,18.2,18.2,1010.6,0,0,0,0,20.3,57,11.5,19.9,10.58,1.1841,117,1,100,5
151,9:10 AM,18.4,18.5,18.4,65,11.7,1.3,SSE,0.4,2.2,SE,18.4,18.3,18.3,1010.6,0,0,0,0,20.7,56,11.6,20.2,10.36,1.1824,117,1,100,5
151,9:15 AM,18.6,18.8,18.4,66,12.1,0.9,SE,0.27,2.7,SSE,18.6,18.4,18.4,1010.6,0,0,0,0.001,20.9,56,11.8,20.3,10.36,1.1813,116,1,100,5
151,9:20 AM,19,19.2,18.8,64,12,1.3,SSE,0.4,2.7,SSE,19,18.8,18.8,1010.4,0,0,0,0.002,21.3,55,11.9,20.6,10.14,1.1797,117,1,100,5
151,9:25 AM,19.4,19.6,19.2,62,11.9,0.9,SE,0.27,2.2,SSE,19.4,19.2,19.2,1010.4,0,0,0,0.004,21.6,54,11.9,21,9.93,1.1783,117,1,100,5
151,9:30 AM,19.9,20.1,19.7,61,12.1,0.9,SSE,0.27,2.2,SE,19.9,19.8,19.8,1010.4,0,0,0,0.005,22.1,52,11.7,21.6,9.62,1.1768,118,1,100,5
151,9:35 AM,20.2,20.2,20.2,60,12.2,0.9,SE,0.27,1.8,SE,20.2,19.9,19.9,1010.4,0,0,0,0.006,22.2,53,12.1,21.8,9.77,1.1759,117,1,100,5
151,9:40 AM,20.2,20.2,20.1,60,12.2,1.8,SSE,0.54,3.6,SE,20.2,19.9,19.9,1010.5,0,0,0,0.006,22.2,52,11.8,21.7,9.61,1.1762,117,1,100,5
151,9:45 AM,20.1,20.1,20,60,12,1.3,SSE,0.4,2.7,ESE,20.1,19.9,19.9,1010.4,0,0,0,0.006,22.3,52,12,21.9,9.61,1.1753,117,1,100,5
151,9:50 AM,20,20.1,20,61,12.2,1.3,SSE,0.4,2.7,SSE,20,19.9,19.9,1010.3,0,0,0,0.006,22.5,52,12.2,22.2,9.6,1.1744,117,1,100,5
151,9:55 AM,20.1,20.1,20.1,60,12,0.9,SSE,0.27,2.2,ESE,20.1,19.9,19.9,1010.2,0,0,0,0.006,22.4,52,12.1,22.1,9.6,1.1746,117,1,100,5
151,10:00 AM,20.2,20.3,20.1,59,11.9,0.9,SSE,0.27,1.8,SE,20.2,19.9,19.9,1010.4,0,0,0,0.007,22.6,51,11.9,22.2,9.4,1.1745,117,1,100,5
151,10:05 AM,20.4,20.7,20.3,59,12.2,0.9,SSE,0.27,2.2,SSE,20.4,20.1,20.1,1010.5,0,0,0,0.007,22.6,51,12,22.3,9.4,1.1744,117,1,100,5
151,10:10 AM,20.9,21.1,20.7,58,12.4,1.3,SE,0.4,3.1,SE,20.9,20.4,20.4,1010.4,0,0,0,0.009,23.2,50,12.2,22.9,9.25,1.1719,117,1,100,5
151,10:15 AM,21.4,21.6,21.1,56,12.2,0.9,SSE,0.27,2.7,SSE,21.4,20.8,20.8,1010.4,0,0,0,0.011,23.5,49,12.2,23.4,9.05,1.1705,117,1,100,5
151,10:20 AM,21.8,21.8,21.7,55,12.3,1.3,SSE,0.4,3.1,SSE,21.8,21.3,21.3,1010.4,0,0,0,0.012,23.9,48,12.2,23.8,8.95,1.169,117,1,100,5
151,10:25 AM,21.8,21.8,21.8,55,12.3,1.8,SSE,0.54,3.6,SE,21.8,21.3,21.3,1010.3,0,0,0,0.012,24.3,48,12.6,24.2,8.94,1.1669,117,1,100,5
151,10:30 AM,22,22.2,21.8,54,12.3,0.9,SSE,0.27,2.2,SSE,22,21.6,21.6,1010.3,0,0,0,0.013,24.8,46,12.4,24.6,8.52,1.1649,117,1,100,5
151,10:35 AM,22.5,22.7,22.2,53,12.4,0.9,SSE,0.27,3.1,S,22.5,22.3,22.3,1010.4,0,0,0,0.014,25.1,46,12.6,24.8,8.51,1.1639,118,1,100,5
151,10:40 AM,22.8,23,22.7,52,12.5,0.9,SSE,0.27,2.7,S,22.8,22.7,22.7,1010.3,0,0,0,0.016,25.3,45,12.5,25.1,8.4,1.1628,116,1,100,5
151,10:45 AM,23.1,23.1,23,51,12.4,1.3,SE,0.4,2.7,SE,23.1,22.9,22.9,1010.3,0,0,0,0.017,25.6,44,12.4,25.3,8.19,1.1618,117,1,100,5
151,10:50 AM,23.1,23.2,23.1,50,12.1,1.8,SE,0.54,3.1,ESE,23.1,22.9,22.9,1010.3,0,0,0,0.017,26,42,12.1,25.7,7.87,1.1607,117,1,100,5
151,10:55 AM,22.9,23.1,22.7,51,12.3,1.3,SE,0.4,3.6,SSE,22.9,22.8,22.8,1010.4,0,0,0,0.016,26,43,12.5,25.7,8.05,1.1604,117,1,100,5
151,11:00 AM,22.7,22.7,22.6,51,12,1.8,SE,0.54,3.6,SE,22.7,22.4,22.4,1010.3,0,0,0,0.015,25.7,43,12.1,25.3,8.05,1.162,117,1,100,5
151,11:05 AM,22.7,22.8,22.7,51,12.1,1.3,SSE,0.4,2.7,ESE,22.7,22.5,22.5,1010.2,0,0,0,0.015,25.9,42,12,25.6,7.88,1.1612,117,1,100,5
151,11:10 AM,23.1,23.2,22.8,50,12.1,1.3,SSE,0.4,2.7,ESE,23.1,22.8,22.8,1010.3,0,0,0,0.016,26.3,42,12.3,25.9,7.86,1.1594,116,1,100,5
151,11:15 AM,23.3,23.4,23.2,49,12,1.3,SE,0.4,2.2,S,23.3,23.1,23.1,1010.2,0,0,0,0.017,26.8,40,12,26.2,7.55,1.1577,117,1,100,5
151,11:20 AM,23.5,23.6,23.4,50,12.5,1.3,SE,0.4,3.1,SE,23.5,23.4,23.4,1010.2,0,0,0,0.018,27.3,40,12.5,26.8,7.55,1.1549,117,1,100,5
151,11:25 AM,23.7,23.7,23.6,49,12.3,1.8,SE,0.54,3.1,SSE,23.7,23.6,23.6,1010.2,0,0,0,0.019,28.3,38,12.6,27.9,7.25,1.1513,117,1,100,5
151,11:30 AM,23.7,23.7,23.6,51,12.9,1.8,SSE,0.54,3.1,SE,23.7,23.7,23.7,1010.3,0,0,0,0.019,29.7,35,12.6,29.2,6.66,1.1461,117,1,100,5
151,11:35 AM,23.8,23.9,23.7,49,12.4,1.3,SE,0.4,2.7,SSE,23.8,23.7,23.7,1010.3,0,0,0,0.019,31.4,32,12.7,30.4,6.25,1.1395,117,1,100,5
151,11:40 AM,23.9,23.9,23.8,48,12.2,1.8,SE,0.54,3.1,SSE,23.9,23.8,23.8,1010.2,0,0,0,0.019,32.9,29,12.5,32.3,5.7,1.1341,118,1,100,5
151,11:45 AM,24.1,24.1,23.9,48,12.4,1.8,SSE,0.54,3.6,SSW,24.1,24,24,1010.2,0,0,0,0.02,33.8,29,13.3,33.4,5.63,1.1296,116,1,100,5
151,11:50 AM,24.1,24.2,24.1,47,12.1,1.3,SSE,0.4,3.6,S,24.1,24,24,1010.2,0,0,0,0.02,33.7,29,13.2,33.2,5.65,1.1304,117,1,100,5
151,11:55 AM,24.3,24.4,24.2,47,12.2,1.3,SSE,0.4,2.7,SE,24.3,24.2,24.2,1010.1,0,0,0,0.021,33.6,29,13.1,33.1,5.65,1.1308,115,1,100,5
151,12:00 PM,24.3,24.4,24.3,46,12,1.3,SSE,0.4,3.1,SSE,24.3,24.2,24.2,1010.1,0,0,0,0.021,32.1,32,13.3,31.6,6.25,1.1362,116,1,100,5
,,,,,,,,,,,,,,,,,,,,,,,,,,,,,
,,,,,,,,,,,,,,,,,,,,,,,,,,,,,
,,,,,,,,,,,,,,,,,,,,,,,,,,,,,
,,,,,,,,,,,,,,,,,,,,,,,,,,,,,
,,,,,,,,,,,,,,,,,,,,,,,,,,,,,
,,,,,,,,,,,,,,,,,,,,,,,,,,,,,
,,,,,,,,,,,,,,,,,,,,,,,,,,,,,
,,,,,,,,,,,,,,,,,,,,,,,,,,,,,
,,,,,,,,,,,,,,,,,,,,,,,,,,,,,
,,,,,,,,,,,,,,,,,,,,,,,,,,,,,
,,,,,,,,,,,,,,,,,,,,,,,,,,,,,
,,,,,,,,,,,,,,,,,,,,,,,,,,,,,
,,,,,,,,,,,,,,,,,,,,,,,,,,,,,
,,,,,,,,,,,,,,,,,,,,,,,,,,,,,
,,,,,,,,,,,,,,,,,,,,,,,,,,,,,
,,,,,,,,,,,,,,,,,,,,,,,,,,,,,
,,,,,,,,,,,,,,,,,,,,,,,,,,,,,
,,,,,,,,,,,,,,,,,,,,,,,,,,,,,
,,,,,,,,,,,,,,,,,,,,,,,,,,,,,
,,,,,,,,,,,,,,,,,,,,,,,,,,,,,
,,,,,,,,,,,,,,,,,,,,,,,,,,,,,
,,,,,,,,,,,,,,,,,,,,,,,,,,,,,
,,,,,,,,,,,,,,,,,,,,,,,,,,,,,
,,,,,,,,,,,,,,,,,,,,,,,,,,,,,
,,,,,,,,,,,,,,,,,,,,,,,,,,,,,
,,,,,,,,,,,,,,,,,,,,,,,,,,,,,
,,,,,,,,,,,,,,,,,,,,,,,,,,,,,
,,,,,,,,,,,,,,,,,,,,,,,,,,,,,
,,,,,,,,,,,,,,,,,,,,,,,,,,,,,
,,,,,,,,,,,,,,,,,,,,,,,,,,,,,
,,,,,,,,,,,,,,,,,,,,,,,,,,,,,
,,,,,,,,,,,,,,,,,,,,,,,,,,,,,
,,,,,,,,,,,,,,,,,,,,,,,,,,,,,
,,,,,,,,,,,,,,,,,,,,,,,,,,,,,
,,,,,,,,,,,,,,,,,,,,,,,,,,,,,
,,,,,,,,,,,,,,,,,,,,,,,,,,,,,
,,,,,,,,,,,,,,,,,,,,,,,,,,,,,
,,,,,,,,,,,,,,,,,,,,,,,,,,,,,
,,,,,,,,,,,,,,,,,,,,,,,,,,,,,
,,,,,,,,,,,,,,,,,,,,,,,,,,,,,
,,,,,,,,,,,,,,,,,,,,,,,,,,,,,
,,,,,,,,,,,,,,,,,,,,,,,,,,,,,
,,,,,,,,,,,,,,,,,,,,,,,,,,,,,
,,,,,,,,,,,,,,,,,,,,,,,,,,,,,
,,,,,,,,,,,,,,,,,,,,,,,,,,,,,
,,,,,,,,,,,,,,,,,,,,,,,,,,,,,
,,,,,,,,,,,,,,,,,,,,,,,,,,,,,
,,,,,,,,,,,,,,,,,,,,,,,,,,,,,
,,,,,,,,,,,,,,,,,,,,,,,,,,,,,
,,,,,,,,,,,,,,,,,,,,,,,,,,,,,
,,,,,,,,,,,,,,,,,,,,,,,,,,,,,
,,,,,,,,,,,,,,,,,,,,,,,,,,,,,
,,,,,,,,,,,,,,,,,,,,,,,,,,,,,
,,,,,,,,,,,,,,,,,,,,,,,,,,,,,
,,,,,,,,,,,,,,,,,,,,,,,,,,,,,
,,,,,,,,,,,,,,,,,,,,,,,,,,,,,
,,,,,,,,,,,,,,,,,,,,,,,,,,,,,
,,,,,,,,,,,,,,,,,,,,,,,,,,,,,
,,,,,,,,,,,,,,,,,,,,,,,,,,,,,
,,,,,,,,,,,,,,,,,,,,,,,,,,,,,
,,,,,,,,,,,,,,,,,,,,,,,,,,,,,
,,,,,,,,,,,,,,,,,,,,,,,,,,,,,
,,,,,,,,,,,,,,,,,,,,,,,,,,,,,
,,,,,,,,,,,,,,,,,,,,,,,,,,,,,
,,,,,,,,,,,,,,,,,,,,,,,,,,,,,
,,,,,,,,,,,,,,,,,,,,,,,,,,,,,
,,,,,,,,,,,,,,,,,,,,,,,,,,,,,
,,,,,,,,,,,,,,,,,,,,,,,,,,,,,
,,,,,,,,,,,,,,,,,,,,,,,,,,,,,
,,,,,,,,,,,,,,,,,,,,,,,,,,,,,
,,,,,,,,,,,,,,,,,,,,,,,,,,,,,
,,,,,,,,,,,,,,,,,,,,,,,,,,,,,
,,,,,,,,,,,,,,,,,,,,,,,,,,,,,
,,,,,,,,,,,,,,,,,,,,,,,,,,,,,
,,,,,,,,,,,,,,,,,,,,,,,,,,,,,
,,,,,,,,,,,,,,,,,,,,,,,,,,,,,
,,,,,,,,,,,,,,,,,,,,,,,,,,,,,
,,,,,,,,,,,,,,,,,,,,,,,,,,,,,
,,,,,,,,,,,,,,,,,,,,,,,,,,,,,
,,,,,,,,,,,,,,,,,,,,,,,,,,,,,
,,,,,,,,,,,,,,,,,,,,,,,,,,,,,
,,,,,,,,,,,,,,,,,,,,,,,,,,,,,
,,,,,,,,,,,,,,,,,,,,,,,,,,,,,
,,,,,,,,,,,,,,,,,,,,,,,,,,,,,
,,,,,,,,,,,,,,,,,,,,,,,,,,,,,
,,,,,,,,,,,,,,,,,,,,,,,,,,,,,
,,,,,,,,,,,,,,,,,,,,,,,,,,,,,
,,,,,,,,,,,,,,,,,,,,,,,,,,,,,
,,,,,,,,,,,,,,,,,,,,,,,,,,,,,
,,,,,,,,,,,,,,,,,,,,,,,,,,,,,
,,,,,,,,,,,,,,,,,,,,,,,,,,,,,
,,,,,,,,,,,,,,,,,,,,,,,,,,,,,
,,,,,,,,,,,,,,,,,,,,,,,,,,,,,
,,,,,,,,,,,,,,,,,,,,,,,,,,,,,
,,,,,,,,,,,,,,,,,,,,,,,,,,,,,
,,,,,,,,,,,,,,,,,,,,,,,,,,,,,
,,,,,,,,,,,,,,,,,,,,,,,,,,,,,
,,,,,,,,,,,,,,,,,,,,,,,,,,,,,
,,,,,,,,,,,,,,,,,,,,,,,,,,,,,
,,,,,,,,,,,,,,,,,,,,,,,,,,,,,
,,,,,,,,,,,,,,,,,,,,,,,,,,,,,
,,,,,,,,,,,,,,,,,,,,,,,,,,,,,
,,,,,,,,,,,,,,,,,,,,,,,,,,,,,
,,,,,,,,,,,,,,,,,,,,,,,,,,,,,
,,,,,,,,,,,,,,,,,,,,,,,,,,,,,
,,,,,,,,,,,,,,,,,,,,,,,,,,,,,
,,,,,,,,,,,,,,,,,,,,,,,,,,,,,
,,,,,,,,,,,,,,,,,,,,,,,,,,,,,
,,,,,,,,,,,,,,,,,,,,,,,,,,,,,
,,,,,,,,,,,,,,,,,,,,,,,,,,,,,
,,,,,,,,,,,,,,,,,,,,,,,,,,,,,
,,,,,,,,,,,,,,,,,,,,,,,,,,,,,
,,,,,,,,,,,,,,,,,,,,,,,,,,,,,
,,,,,,,,,,,,,,,,,,,,,,,,,,,,,
,,,,,,,,,,,,,,,,,,,,,,,,,,,,,
,,,,,,,,,,,,,,,,,,,,,,,,,,,,,
,,,,,,,,,,,,,,,,,,,,,,,,,,,,,
,,,,,,,,,,,,,,,,,,,,,,,,,,,,,
,,,,,,,,,,,,,,,,,,,,,,,,,,,,,
,,,,,,,,,,,,,,,,,,,,,,,,,,,,,
,,,,,,,,,,,,,,,,,,,,,,,,,,,,,
,,,,,,,,,,,,,,,,,,,,,,,,,,,,,
,,,,,,,,,,,,,,,,,,,,,,,,,,,,,
,,,,,,,,,,,,,,,,,,,,,,,,,,,,,
,,,,,,,,,,,,,,,,,,,,,,,,,,,,,
,,,,,,,,,,,,,,,,,,,,,,,,,,,,,
,,,,,,,,,,,,,,,,,,,,,,,,,,,,,
,,,,,,,,,,,,,,,,,,,,,,,,,,,,,
,,,,,,,,,,,,,,,,,,,,,,,,,,,,,
,,,,,,,,,,,,,,,,,,,,,,,,,,,,,
,,,,,,,,,,,,,,,,,,,,,,,,,,,,,
,,,,,,,,,,,,,,,,,,,,,,,,,,,,,
,,,,,,,,,,,,,,,,,,,,,,,,,,,,,
,,,,,,,,,,,,,,,,,,,,,,,,,,,,,
,,,,,,,,,,,,,,,,,,,,,,,,,,,,,
,,,,,,,,,,,,,,,,,,,,,,,,,,,,,
,,,,,,,,,,,,,,,,,,,,,,,,,,,,,
,,,,,,,,,,,,,,,,,,,,,,,,,,,,,
,,,,,,,,,,,,,,,,,,,,,,,,,,,,,
,,,,,,,,,,,,,,,,,,,,,,,,,,,,,
,,,,,,,,,,,,,,,,,,,,,,,,,,,,,
,,,,,,,,,,,,,,,,,,,,,,,,,,,,,
,,,,,,,,,,,,,,,,,,,,,,,,,,,,,
,,,,,,,,,,,,,,,,,,,,,,,,,,,,,
,,,,,,,,,,,,,,,,,,,,,,,,,,,,,
,,,,,,,,,,,,,,,,,,,,,,,,,,,,,
,,,,,,,,,,,,,,,,,,,,,,,,,,,,,
,,,,,,,,,,,,,,,,,,,,,,,,,,,,,
,,,,,,,,,,,,,,,,,,,,,,,,,,,,,
,,,,,,,,,,,,,,,,,,,,,,,,,,,,,
,,,,,,,,,,,,,,,,,,,,,,,,,,,,,
,,,,,,,,,,,,,,,,,,,,,,,,,,,,,
,,,,,,,,,,,,,,,,,,,,,,,,,,,,,
,,,,,,,,,,,,,,,,,,,,,,,,,,,,,
,,,,,,,,,,,,,,,,,,,,,,,,,,,,,
,,,,,,,,,,,,,,,,,,,,,,,,,,,,,
,,,,,,,,,,,,,,,,,,,,,,,,,,,,,
,,,,,,,,,,,,,,,,,,,,,,,,,,,,,
,,,,,,,,,,,,,,,,,,,,,,,,,,,,,
,,,,,,,,,,,,,,,,,,,,,,,,,,,,,
,,,,,,,,,,,,,,,,,,,,,,,,,,,,,
,,,,,,,,,,,,,,,,,,,,,,,,,,,,,
,,,,,,,,,,,,,,,,,,,,,,,,,,,,,
,,,,,,,,,,,,,,,,,,,,,,,,,,,,,
,,,,,,,,,,,,,,,,,,,,,,,,,,,,,
,,,,,,,,,,,,,,,,,,,,,,,,,,,,,
,,,,,,,,,,,,,,,,,,,,,,,,,,,,,
,,,,,,,,,,,,,,,,,,,,,,,,,,,,,
,,,,,,,,,,,,,,,,,,,,,,,,,,,,,
,,,,,,,,,,,,,,,,,,,,,,,,,,,,,
,,,,,,,,,,,,,,,,,,,,,,,,,,,,,
,,,,,,,,,,,,,,,,,,,,,,,,,,,,,
,,,,,,,,,,,,,,,,,,,,,,,,,,,,,
,,,,,,,,,,,,,,,,,,,,,,,,,,,,,
,,,,,,,,,,,,,,,,,,,,,,,,,,,,,
,,,,,,,,,,,,,,,,,,,,,,,,,,,,,
,,,,,,,,,,,,,,,,,,,,,,,,,,,,,
,,,,,,,,,,,,,,,,,,,,,,,,,,,,,
,,,,,,,,,,,,,,,,,,,,,,,,,,,,,
,,,,,,,,,,,,,,,,,,,,,,,,,,,,,
,,,,,,,,,,,,,,,,,,,,,,,,,,,,,
,,,,,,,,,,,,,,,,,,,,,,,,,,,,,
,,,,,,,,,,,,,,,,,,,,,,,,,,,,,
,,,,,,,,,,,,,,,,,,,,,,,,,,,,,
,,,,,,,,,,,,,,,,,,,,,,,,,,,,,
,,,,,,,,,,,,,,,,,,,,,,,,,,,,,
,,,,,,,,,,,,,,,,,,,,,,,,,,,,,
,,,,,,,,,,,,,,,,,,,,,,,,,,,,,
,,,,,,,,,,,,,,,,,,,,,,,,,,,,,
,,,,,,,,,,,,,,,,,,,,,,,,,,,,,
,,,,,,,,,,,,,,,,,,,,,,,,,,,,,
,,,,,,,,,,,,,,,,,,,,,,,,,,,,,
,,,,,,,,,,,,,,,,,,,,,,,,,,,,,
,,,,,,,,,,,,,,,,,,,,,,,,,,,,,
,,,,,,,,,,,,,,,,,,,,,,,,,,,,,
,,,,,,,,,,,,,,,,,,,,,,,,,,,,,
,,,,,,,,,,,,,,,,,,,,,,,,,,,,,
,,,,,,,,,,,,,,,,,,,,,,,,,,,,,
,,,,,,,,,,,,,,,,,,,,,,,,,,,,,
,,,,,,,,,,,,,,,,,,,,,,,,,,,,,
,,,,,,,,,,,,,,,,,,,,,,,,,,,,,
,,,,,,,,,,,,,,,,,,,,,,,,,,,,,
,,,,,,,,,,,,,,,,,,,,,,,,,,,,,
,,,,,,,,,,,,,,,,,,,,,,,,,,,,,
,,,,,,,,,,,,,,,,,,,,,,,,,,,,,
,,,,,,,,,,,,,,,,,,,,,,,,,,,,,
,,,,,,,,,,,,,,,,,,,,,,,,,,,,,
,,,,,,,,,,,,,,,,,,,,,,,,,,,,,
,,,,,,,,,,,,,,,,,,,,,,,,,,,,,
,,,,,,,,,,,,,,,,,,,,,,,,,,,,,
,,,,,,,,,,,,,,,,,,,,,,,,,,,,,
,,,,,,,,,,,,,,,,,,,,,,,,,,,,,
,,,,,,,,,,,,,,,,,,,,,,,,,,,,,
,,,,,,,,,,,,,,,,,,,,,,,,,,,,,
,,,,,,,,,,,,,,,,,,,,,,,,,,,,,
,,,,,,,,,,,,,,,,,,,,,,,,,,,,,
,,,,,,,,,,,,,,,,,,,,,,,,,,,,,
,,,,,,,,,,,,,,,,,,,,,,,,,,,,,
,,,,,,,,,,,,,,,,,,,,,,,,,,,,,
,,,,,,,,,,,,,,,,,,,,,,,,,,,,,
,,,,,,,,,,,,,,,,,,,,,,,,,,,,,
,,,,,,,,,,,,,,,,,,,,,,,,,,,,,
,,,,,,,,,,,,,,,,,,,,,,,,,,,,,
,,,,,,,,,,,,,,,,,,,,,,,,,,,,,
,,,,,,,,,,,,,,,,,,,,,,,,,,,,,
,,,,,,,,,,,,,,,,,,,,,,,,,,,,,
,,,,,,,,,,,,,,,,,,,,,,,,,,,,,
,,,,,,,,,,,,,,,,,,,,,,,,,,,,,
,,,,,,,,,,,,,,,,,,,,,,,,,,,,,
,,,,,,,,,,,,,,,,,,,,,,,,,,,,,
,,,,,,,,,,,,,,,,,,,,,,,,,,,,,
,,,,,,,,,,,,,,,,,,,,,,,,,,,,,
,,,,,,,,,,,,,,,,,,,,,,,,,,,,,
,,,,,,,,,,,,,,,,,,,,,,,,,,,,,
,,,,,,,,,,,,,,,,,,,,,,,,,,,,,
,,,,,,,,,,,,,,,,,,,,,,,,,,,,,
,,,,,,,,,,,,,,,,,,,,,,,,,,,,,
,,,,,,,,,,,,,,,,,,,,,,,,,,,,,
,,,,,,,,,,,,,,,,,,,,,,,,,,,,,
,,,,,,,,,,,,,,,,,,,,,,,,,,,,,
,,,,,,,,,,,,,,,,,,,,,,,,,,,,,
,,,,,,,,,,,,,,,,,,,,,,,,,,,,,
,,,,,,,,,,,,,,,,,,,,,,,,,,,,,
,,,,,,,,,,,,,,,,,,,,,,,,,,,,,
,,,,,,,,,,,,,,,,,,,,,,,,,,,,,
,,,,,,,,,,,,,,,,,,,,,,,,,,,,,
,,,,,,,,,,,,,,,,,,,,,,,,,,,,,
,,,,,,,,,,,,,,,,,,,,,,,,,,,,,
,,,,,,,,,,,,,,,,,,,,,,,,,,,,,
,,,,,,,,,,,,,,,,,,,,,,,,,,,,,
,,,,,,,,,,,,,,,,,,,,,,,,,,,,,
,,,,,,,,,,,,,,,,,,,,,,,,,,,,,
,,,,,,,,,,,,,,,,,,,,,,,,,,,,,
,,,,,,,,,,,,,,,,,,,,,,,,,,,,,
,,,,,,,,,,,,,,,,,,,,,,,,,,,,,
,,,,,,,,,,,,,,,,,,,,,,,,,,,,,
,,,,,,,,,,,,,,,,,,,,,,,,,,,,,
,,,,,,,,,,,,,,,,,,,,,,,,,,,,,
,,,,,,,,,,,,,,,,,,,,,,,,,,,,,
,,,,,,,,,,,,,,,,,,,,,,,,,,,,,
,,,,,,,,,,,,,,,,,,,,,,,,,,,,,
,,,,,,,,,,,,,,,,,,,,,,,,,,,,,
,,,,,,,,,,,,,,,,,,,,,,,,,,,,,
,,,,,,,,,,,,,,,,,,,,,,,,,,,,,
,,,,,,,,,,,,,,,,,,,,,,,,,,,,,
,,,,,,,,,,,,,,,,,,,,,,,,,,,,,
,,,,,,,,,,,,,,,,,,,,,,,,,,,,,
,,,,,,,,,,,,,,,,,,,,,,,,,,,,,
,,,,,,,,,,,,,,,,,,,,,,,,,,,,,
,,,,,,,,,,,,,,,,,,,,,,,,,,,,,
,,,,,,,,,,,,,,,,,,,,,,,,,,,,,
,,,,,,,,,,,,,,,,,,,,,,,,,,,,,
,,,,,,,,,,,,,,,,,,,,,,,,,,,,,
,,,,,,,,,,,,,,,,,,,,,,,,,,,,,
,,,,,,,,,,,,,,,,,,,,,,,,,,,,,
,,,,,,,,,,,,,,,,,,,,,,,,,,,,,
,,,,,,,,,,,,,,,,,,,,,,,,,,,,,
,,,,,,,,,,,,,,,,,,,,,,,,,,,,,
,,,,,,,,,,,,,,,,,,,,,,,,,,,,,
,,,,,,,,,,,,,,,,,,,,,,,,,,,,,
,,,,,,,,,,,,,,,,,,,,,,,,,,,,,
,,,,,,,,,,,,,,,,,,,,,,,,,,,,,
,,,,,,,,,,,,,,,,,,,,,,,,,,,,,
,,,,,,,,,,,,,,,,,,,,,,,,,,,,,
,,,,,,,,,,,,,,,,,,,,,,,,,,,,,
,,,,,,,,,,,,,,,,,,,,,,,,,,,,,
,,,,,,,,,,,,,,,,,,,,,,,,,,,,,
,,,,,,,,,,,,,,,,,,,,,,,,,,,,,
,,,,,,,,,,,,,,,,,,,,,,,,,,,,,
,,,,,,,,,,,,,,,,,,,,,,,,,,,,,
,,,,,,,,,,,,,,,,,,,,,,,,,,,,,
,,,,,,,,,,,,,,,,,,,,,,,,,,,,,
,,,,,,,,,,,,,,,,,,,,,,,,,,,,,
,,,,,,,,,,,,,,,,,,,,,,,,,,,,,
,,,,,,,,,,,,,,,,,,,,,,,,,,,,,
,,,,,,,,,,,,,,,,,,,,,,,,,,,,,
,,,,,,,,,,,,,,,,,,,,,,,,,,,,,
,,,,,,,,,,,,,,,,,,,,,,,,,,,,,
,,,,,,,,,,,,,,,,,,,,,,,,,,,,,
,,,,,,,,,,,,,,,,,,,,,,,,,,,,,
,,,,,,,,,,,,,,,,,,,,,,,,,,,,,
,,,,,,,,,,,,,,,,,,,,,,,,,,,,,
,,,,,,,,,,,,,,,,,,,,,,,,,,,,,
,,,,,,,,,,,,,,,,,,,,,,,,,,,,,
,,,,,,,,,,,,,,,,,,,,,,,,,,,,,
,,,,,,,,,,,,,,,,,,,,,,,,,,,,,
,,,,,,,,,,,,,,,,,,,,,,,,,,,,,
,,,,,,,,,,,,,,,,,,,,,,,,,,,,,
,,,,,,,,,,,,,,,,,,,,,,,,,,,,,
,,,,,,,,,,,,,,,,,,,,,,,,,,,,,
,,,,,,,,,,,,,,,,,,,,,,,,,,,,,
,,,,,,,,,,,,,,,,,,,,,,,,,,,,,
,,,,,,,,,,,,,,,,,,,,,,,,,,,,,
,,,,,,,,,,,,,,,,,,,,,,,,,,,,,
,,,,,,,,,,,,,,,,,,,,,,,,,,,,,
,,,,,,,,,,,,,,,,,,,,,,,,,,,,,
,,,,,,,,,,,,,,,,,,,,,,,,,,,,,
,,,,,,,,,,,,,,,,,,,,,,,,,,,,,
,,,,,,,,,,,,,,,,,,,,,,,,,,,,,
,,,,,,,,,,,,,,,,,,,,,,,,,,,,,
,,,,,,,,,,,,,,,,,,,,,,,,,,,,,
,,,,,,,,,,,,,,,,,,,,,,,,,,,,,
,,,,,,,,,,,,,,,,,,,,,,,,,,,,,
,,,,,,,,,,,,,,,,,,,,,,,,,,,,,
,,,,,,,,,,,,,,,,,,,,,,,,,,,,,
,,,,,,,,,,,,,,,,,,,,,,,,,,,,,
,,,,,,,,,,,,,,,,,,,,,,,,,,,,,
,,,,,,,,,,,,,,,,,,,,,,,,,,,,,
,,,,,,,,,,,,,,,,,,,,,,,,,,,,,
,,,,,,,,,,,,,,,,,,,,,,,,,,,,,
,,,,,,,,,,,,,,,,,,,,,,,,,,,,,
,,,,,,,,,,,,,,,,,,,,,,,,,,,,,
,,,,,,,,,,,,,,,,,,,,,,,,,,,,,
,,,,,,,,,,,,,,,,,,,,,,,,,,,,,
,,,,,,,,,,,,,,,,,,,,,,,,,,,,,
,,,,,,,,,,,,,,,,,,,,,,,,,,,,,
,,,,,,,,,,,,,,,,,,,,,,,,,,,,,
,,,,,,,,,,,,,,,,,,,,,,,,,,,,,
,,,,,,,,,,,,,,,,,,,,,,,,,,,,,
,,,,,,,,,,,,,,,,,,,,,,,,,,,,,
,,,,,,,,,,,,,,,,,,,,,,,,,,,,,
,,,,,,,,,,,,,,,,,,,,,,,,,,,,,
,,,,,,,,,,,,,,,,,,,,,,,,,,,,,
,,,,,,,,,,,,,,,,,,,,,,,,,,,,,
,,,,,,,,,,,,,,,,,,,,,,,,,,,,,
,,,,,,,,,,,,,,,,,,,,,,,,,,,,,
,,,,,,,,,,,,,,,,,,,,,,,,,,,,,
,,,,,,,,,,,,,,,,,,,,,,,,,,,,,
,,,,,,,,,,,,,,,,,,,,,,,,,,,,,
,,,,,,,,,,,,,,,,,,,,,,,,,,,,,
,,,,,,,,,,,,,,,,,,,,,,,,,,,,,
,,,,,,,,,,,,,,,,,,,,,,,,,,,,,
,,,,,,,,,,,,,,,,,,,,,,,,,,,,,
,,,,,,,,,,,,,,,,,,,,,,,,,,,,,
,,,,,,,,,,,,,,,,,,,,,,,,,,,,,
,,,,,,,,,,,,,,,,,,,,,,,,,,,,,
,,,,,,,,,,,,,,,,,,,,,,,,,,,,,
,,,,,,,,,,,,,,,,,,,,,,,,,,,,,
,,,,,,,,,,,,,,,,,,,,,,,,,,,,,
,,,,,,,,,,,,,,,,,,,,,,,,,,,,,
,,,,,,,,,,,,,,,,,,,,,,,,,,,,,
,,,,,,,,,,,,,,,,,,,,,,,,,,,,,
,,,,,,,,,,,,,,,,,,,,,,,,,,,,,
,,,,,,,,,,,,,,,,,,,,,,,,,,,,,
,,,,,,,,,,,,,,,,,,,,,,,,,,,,,
,,,,,,,,,,,,,,,,,,,,,,,,,,,,,
,,,,,,,,,,,,,,,,,,,,,,,,,,,,,
,,,,,,,,,,,,,,,,,,,,,,,,,,,,,
,,,,,,,,,,,,,,,,,,,,,,,,,,,,,
,,,,,,,,,,,,,,,,,,,,,,,,,,,,,
,,,,,,,,,,,,,,,,,,,,,,,,,,,,,
,,,,,,,,,,,,,,,,,,,,,,,,,,,,,
,,,,,,,,,,,,,,,,,,,,,,,,,,,,,
,,,,,,,,,,,,,,,,,,,,,,,,,,,,,
,,,,,,,,,,,,,,,,,,,,,,,,,,,,,
,,,,,,,,,,,,,,,,,,,,,,,,,,,,,
,,,,,,,,,,,,,,,,,,,,,,,,,,,,,
,,,,,,,,,,,,,,,,,,,,,,,,,,,,,
,,,,,,,,,,,,,,,,,,,,,,,,,,,,,
,,,,,,,,,,,,,,,,,,,,,,,,,,,,,
,,,,,,,,,,,,,,,,,,,,,,,,,,,,,
,,,,,,,,,,,,,,,,,,,,,,,,,,,,,
,,,,,,,,,,,,,,,,,,,,,,,,,,,,,
,,,,,,,,,,,,,,,,,,,,,,,,,,,,,
,,,,,,,,,,,,,,,,,,,,,,,,,,,,,
,,,,,,,,,,,,,,,,,,,,,,,,,,,,,
,,,,,,,,,,,,,,,,,,,,,,,,,,,,,
,,,,,,,,,,,,,,,,,,,,,,,,,,,,,
,,,,,,,,,,,,,,,,,,,,,,,,,,,,,
,,,,,,,,,,,,,,,,,,,,,,,,,,,,,
,,,,,,,,,,,,,,,,,,,,,,,,,,,,,
,,,,,,,,,,,,,,,,,,,,,,,,,,,,,
,,,,,,,,,,,,,,,,,,,,,,,,,,,,,
,,,,,,,,,,,,,,,,,,,,,,,,,,,,,
,,,,,,,,,,,,,,,,,,,,,,,,,,,,,
,,,,,,,,,,,,,,,,,,,,,,,,,,,,,
,,,,,,,,,,,,,,,,,,,,,,,,,,,,,
,,,,,,,,,,,,,,,,,,,,,,,,,,,,,
,,,,,,,,,,,,,,,,,,,,,,,,,,,,,
,,,,,,,,,,,,,,,,,,,,,,,,,,,,,
,,,,,,,,,,,,,,,,,,,,,,,,,,,,,
,,,,,,,,,,,,,,,,,,,,,,,,,,,,,
,,,,,,,,,,,,,,,,,,,,,,,,,,,,,
,,,,,,,,,,,,,,,,,,,,,,,,,,,,,
,,,,,,,,,,,,,,,,,,,,,,,,,,,,,
,,,,,,,,,,,,,,,,,,,,,,,,,,,,,
,,,,,,,,,,,,,,,,,,,,,,,,,,,,,
,,,,,,,,,,,,,,,,,,,,,,,,,,,,,
,,,,,,,,,,,,,,,,,,,,,,,,,,,,,
,,,,,,,,,,,,,,,,,,,,,,,,,,,,,
,,,,,,,,,,,,,,,,,,,,,,,,,,,,,
,,,,,,,,,,,,,,,,,,,,,,,,,,,,,
,,,,,,,,,,,,,,,,,,,,,,,,,,,,,
,,,,,,,,,,,,,,,,,,,,,,,,,,,,,
,,,,,,,,,,,,,,,,,,,,,,,,,,,,,
,,,,,,,,,,,,,,,,,,,,,,,,,,,,,
,,,,,,,,,,,,,,,,,,,,,,,,,,,,,
,,,,,,,,,,,,,,,,,,,,,,,,,,,,,
,,,,,,,,,,,,,,,,,,,,,,,,,,,,,
,,,,,,,,,,,,,,,,,,,,,,,,,,,,,
,,,,,,,,,,,,,,,,,,,,,,,,,,,,,
,,,,,,,,,,,,,,,,,,,,,,,,,,,,,
,,,,,,,,,,,,,,,,,,,,,,,,,,,,,
,,,,,,,,,,,,,,,,,,,,,,,,,,,,,
,,,,,,,,,,,,,,,,,,,,,,,,,,,,,
,,,,,,,,,,,,,,,,,,,,,,,,,,,,,
,,,,,,,,,,,,,,,,,,,,,,,,,,,,,
,,,,,,,,,,,,,,,,,,,,,,,,,,,,,
,,,,,,,,,,,,,,,,,,,,,,,,,,,,,
,,,,,,,,,,,,,,,,,,,,,,,,,,,,,
,,,,,,,,,,,,,,,,,,,,,,,,,,,,,
